arm,chat_rate,code_rate,arrival,seed,throughput_rps,tokens_per_sec,completed,goodput,ttft_mean_ms,ttft_p90_ms,ttft_p95_ms,ttft_p99_ms,e2e_mean_ms,e2e_p90_ms,e2e_p95_ms,e2e_p99_ms,itl_mean_ms,itl_p90_ms,itl_p95_ms,itl_p99_ms,timeouts,preemptions,disagg_count,sat_level,sat_score
"agg-4xtp4","50","0.5","poisson","42",4.526544930843171,1459.2203212928996,2300,0.9704347826086956,83.82452217391305,104.9979,189.67399999999975,506.41858999999823,10421.754265217392,16944.777,19327.570149999978,31218.471079999847,32.16593561388081,43.145,46.402,54.466,0,0,0,"STABLE",0
"agg-4xtp4","50","0.5","poisson","123",5.2238938182557835,1620.948665386068,2450,0.9755102040816327,92.5181036734694,147.17279999999997,248.48979999999955,506.6945399999972,10455.483413469387,17543.793499999992,20254.6191,35390.43311999988,33.502594258438876,43.304,45.623,57.08,0,0,0,"OVERLOADED",0.10662681017325557
"agg-4xtp4","50","0.5","poisson","777",5.027923899359317,1554.8742093308254,2345,0.9863539445628998,82.55125884861407,110.22699999999996,199.04439999999926,374.5145199999999,9839.607930916844,16508.1796,18518.072999999986,29730.350759999976,31.650772204399033,41.165,43.314,50.681,0,0,0,"STABLE",0
"agg-4xtp4","50","0.5","weibull","42",4.18542778018561,1356.2825517101044,2360,0.9796610169491525,84.52527288135593,112.10289999999996,207.58889999999965,397.6811899999999,10847.24962118644,17661.5066,19747.002,35773.00871999989,33.31369662969983,43.73939999999991,46.299,52.745,0,0,0,"STABLE",0
"agg-4xtp4","50","0.5","weibull","123",5.089596514350727,1590.5054638631614,2330,0.9781115879828326,87.81383347639485,117.91749999999998,237.5256999999994,516.8975800000007,10005.79091030043,16479.147999999997,18701.66569999997,31029.70603000001,31.836786790539517,41.921,43.707,50.992,0,0,0,"STABLE",0
"agg-4xtp4","50","0.5","weibull","777",5.612379243828228,1658.52338877997,2105,0.995249406175772,66.8291729216152,81.9166,89.58539999999999,267.9159600000004,8789.312666033255,14648.015000000001,16307.8692,19426.405680000007,29.61413180158949,38.42,40.439,46.4,0,0,0,"STABLE",0
"agg-4xtp4","50","1","poisson","42",4.554564359184265,1508.0095614371464,2720,0.8790441176470588,110.08609816176471,218.0957,319.13944999999995,562.5788499999998,12400.842659191176,20574.412500000002,24958.126949999987,57765.15276,37.23124602502818,50.689,57.36864999999991,63.746,0,0,0,"OVERLOADED",0.20890695323103872
"agg-4xtp4","50","1","poisson","123",4.612510176822498,1501.4869649444695,2810,0.8234875444839858,116.7887384341637,232.41429999999994,353.4046999999998,593.1673899999995,12693.013324911031,21787.729,26763.52295,54028.841049999784,38.75033058782891,53.665,57.696,66.145,0,0,0,"OVERLOADED",0.34917050385728243
"agg-4xtp4","50","1","poisson","777",4.377904061905537,1437.1993343204997,2795,0.9101967799642218,112.99459069767441,223.75359999999995,330.13739999999996,529.1917599999988,12383.992592128801,20925.769600000003,25548.987999999936,62768.021139999924,37.490959604749214,49.28,52.443,61.931,0,0,0,"STABLE",0
"agg-4xtp4","50","1","weibull","42",4.8423276233824595,1649.922122223774,3020,0.6725165562913907,131.48581523178808,278.4984999999999,394.43984999999986,625.1286499999994,14779.996925827814,25863.723700000002,32220.963199999973,79466.88744999995,43.11591920131153,60.544,66.119,75.862,0,0,0,"OVERLOADED",0.32264881792517136
"agg-4xtp4","50","1","weibull","123",4.919783758256522,1562.8712607017528,2630,0.9258555133079848,102.95665247148288,189.76389999999998,297.00769999999955,512.0162900000005,11517.675950190114,19676.5469,22985.922749999994,41074.604580000014,36.04356667395095,47.225,50.732,60.744,0,0,0,"OVERLOADED",0.2337008937135319
"agg-4xtp4","50","1","weibull","777",4.738579047832842,1436.3619404552387,2210,0.9814479638009049,80.05089909502263,92.17110000000001,159.46714999999944,532.1007399999985,9268.431454751131,15350.480099999999,17320.63609999999,21974.66558999994,30.41036272684656,40.993,43.054,48.755,0,0,0,"STABLE",0
"agg-4xtp4","50","5","poisson","42",4.9023681188392105,1713.8154127665266,3998,0.1165,242.36086725,575.4745999999999,791.4528999999998,1224.2024399999991,22905.470816408204,41455.445700000004,63311.693849999974,146323.91524999996,65.01164580959488,86.638,92.877,105.66,2,0,0,"OVERLOADED",0.527555474395543
"agg-4xtp4","50","5","poisson","123",4.373217865598973,1498.9556203585198,3976,0.13018346318170396,233.77141216386025,532.1794000000001,745.7863,1142.1186999999998,22171.55824924547,41290.379,59881.35875,141139.516,64.1891922896904,87.063,94.029,108.632,3,0,0,"STABLE",0.0007539582809751311
"agg-4xtp4","50","5","poisson","777",4.355614049528664,1542.564423413251,3950,0.1468655207280081,226.82279878665318,503.2265,709.763,1207.406249999999,22469.732602278484,40175.691,57983.579299999874,160272.8908199989,62.98193510728592,87.519,94.929,108.705,6,0,0,"OVERLOADED",0.5517156868706099
"agg-4xtp4","50","5","weibull","42",4.8360156282334135,1713.9530591091739,4002,0.0899325505870597,237.83130227329502,549.2786,765.9970999999998,1202.6092200000003,23576.774427286357,42331.2578,66288.64444999995,152344.0632399998,66.03624365227057,89.138,95.465,107.867,1,0,0,"OVERLOADED",0.47479444745267496
"agg-4xtp4","50","5","weibull","123",4.51290221242375,1567.75972035555,4010,0.17905236907730673,236.0991842892768,537.5975,739.5242,1186.557549999999,22398.203565586035,41975.7415,60976.195899999984,150891.03050999998,63.97703945951316,91.196,96.787,109.556,0,0,0,"OVERLOADED",0.5077579112108134
"agg-4xtp4","50","5","weibull","777",4.34258734727713,1539.417171552623,3975,0.21030150753768845,225.27818969849247,488.3080999999998,721.8572499999997,1148.82061,22134.92799672956,39933.728999999985,56607.65799999999,162387.60619999946,61.97907704241941,85.503,90.072,102.618,5,0,0,"OVERLOADED",0.610667076617955
"agg-4xtp4","50","10","poisson","42",4.88902416750467,1721.2236653418895,4001,0.0769615192403798,238.4066524237881,540.7472,788.1512999999998,1134.1084499999984,23567.48591752062,41588.222,63692.068,148152.949,66.45154640014923,87.585,93.676,104.013,1,0,0,"OVERLOADED",0.454876334066971
"agg-4xtp4","50","10","poisson","123",4.545123055048266,1558.4967267128864,3973,0.13229376257545272,233.60247560362174,525.495,725.75475,1156.94225,22784.546622954946,40969.22980000002,57702.624799999976,149517.97668,65.9568623892587,90.787,98.118,111.819,3,0,0,"OVERLOADED",0.44414012033065137
"agg-4xtp4","50","10","poisson","777",4.139465665867231,1474.0340664950104,3964,0.11895161290322581,230.3716726310484,492.88680000000005,717.5546499999998,1143.476169999999,23202.008188446016,41453.1501,63110.803149999985,162272.6701199999,64.68944908666457,90.837,98.734,115.607,4,0,0,"OVERLOADED",0.44977137518682225
"agg-4xtp4","50","10","weibull","42",4.764003354197879,1683.7518073131382,3985,0.08753448708301982,244.8565492851768,561.0444000000002,789.5820999999994,1245.281159999999,24025.574542283564,42411.951199999996,63404.34439999994,145666.42611999996,67.47408584832979,88.68,95.383,105.985,2,0,0,"OVERLOADED",0.4335230144968735
"agg-4xtp4","50","10","weibull","123",4.526225921922394,1560.8178332537095,3980,0.11649510419281948,239.58588250062766,548.3904,775.7203999999995,1208.3987599999996,22993.829154271356,41572.01959999999,60996.16304999991,146208.03888,66.17476733641315,89.831,97.684,109.826,3,0,0,"OVERLOADED",0.40132185824954203
"agg-4xtp4","50","10","weibull","777",4.3268697504325875,1547.5828585644624,3994,0.1011011011011011,229.09372372372374,506.8115,740.2345,1200.1677500000005,22978.77329794692,40183.63680000003,58757.052299999996,171916.0373600001,63.782153299469584,86.191,91.642,107.327,2,0,0,"OVERLOADED",0.5513378643455422
"agg-4xtp4","50","20","poisson","42",4.586428832405245,1595.5743256140481,3958,0.08705526116578349,237.9635457986374,536.4130000000002,754.7432,1152.81934,23670.184362556847,41587.2836,60092.1763999999,145873.62904999976,67.54763844654595,95.085,105.375,124.723,5,0,0,"OVERLOADED",0.423287129608986
"agg-4xtp4","50","20","poisson","123",4.6729497932453485,1609.276013389883,3998,0.11027756939234809,240.527295823956,544.922,760.6573,1116.1703,23103.265827413707,42171.58450000001,61028.916499999985,144530.90641999978,66.5788858379503,90.36,96.879,107.35,1,0,0,"OVERLOADED",0.40053901821571564
"agg-4xtp4","50","20","poisson","777",4.344877958686106,1543.9322146689462,3964,0.17111895161290322,232.33759022177418,507.53210000000007,715.4185499999999,1083.3284999999998,23441.11374394551,42525.216499999995,60094.56249999999,167361.98564999996,65.49539401263682,88.99,95.639,106.221,4,0,0,"OVERLOADED",0.4327849933373437
"agg-4xtp4","50","20","weibull","42",4.83904401883856,1706.0085636992167,3971,0.08631102164066431,245.63981630598894,546.4972000000001,767.7851999999996,1215.7676499999995,24182.173934525308,43011.748,63763.229499999994,148334.7504000003,68.08636266196181,92.214,99.062,110.467,3,0,0,"OVERLOADED",0.38045284238900284
"agg-4xtp4","50","20","weibull","123",4.454901824800029,1545.9635320755563,3996,0.08181135851888917,243.00963422566926,550.6160000000001,761.1228,1155.7835999999998,23343.14089114114,42556.5285,60447.471750000004,141315.39300000094,66.75617843926125,91.566,98.698,113.094,1,0,0,"STABLE",0.0002501876407305925
"agg-4xtp4","50","20","weibull","777",4.142145512418289,1466.5372435837376,3957,0.1127648839556004,234.98041473259335,509.18200000000024,711.9833499999999,1230.1281799999992,23333.163054839526,41733.9544,61895.303199999995,164116.991,65.42365812091231,88.474,95.131,108.333,7,0,0,"OVERLOADED",0.4545521196586707
"agg-4xtp4","100","0.5","poisson","42",4.548882803242398,1467.3640821340625,2285,0.9833698030634573,80.35490634573304,99.64979999999998,169.03739999999948,379.5721199999973,10722.495790371991,17476.282999999996,19142.8426,31790.624279999927,33.09120468343216,44.878,46.858,59.065,0,0,0,"STABLE",0
"agg-4xtp4","100","0.5","poisson","123",4.925890189504803,1524.3607928965882,2375,0.9806315789473684,85.28756547368421,116.73659999999997,208.83159999999987,396.14229999999907,10407.790154947368,17396.478799999997,19546.94119999998,33368.10053999953,33.46223436710847,44.609,45.854,58.926,0,0,0,"STABLE",0
"agg-4xtp4","100","0.5","poisson","777",4.949388309241053,1520.2205506908226,2330,0.9849785407725322,84.2616721030043,112.84379999999999,199.1739499999999,411.55306000000024,10074.671059656652,17074.216299999996,19070.80825,28235.37950000003,32.62951937583499,43.679,45.035,52.364,0,0,0,"STABLE",0
"agg-4xtp4","100","0.5","weibull","42",4.569352622810938,1475.2422868538563,2345,0.9795309168443497,88.33521492537314,120.8458,225.58899999999917,455.7315999999994,11059.804414925373,17861.237999999998,19869.7944,32461.087679999982,34.08573042403332,45.43,46.469,52.113,0,0,0,"STABLE",0
"agg-4xtp4","100","0.5","weibull","123",4.9658528339584525,1533.5883690415656,2240,0.9741071428571428,85.73563348214286,97.06110000000002,202.3795499999965,664.3404500000026,9870.314020982143,16486.36670000001,18198.084099999975,27586.795070000022,31.783463433169164,43.409,45.333,54.943,0,0,0,"STABLE",0
"agg-4xtp4","100","0.5","weibull","777",5.6277029449536915,1663.0517208144104,2105,0.9942992874109263,69.01130356294537,83.9,95.68359999999998,291.19380000000007,9134.357190973873,15392.442400000002,17079.0378,20365.178240000005,30.77830444860609,41.646,44.629,46.782,0,0,0,"STABLE",0
"agg-4xtp4","100","1","poisson","42",4.127957354389152,1369.7524657336787,2660,0.9169172932330827,109.81746503759398,199.93429999999992,315.3418999999989,611.1146799999981,12546.295298120302,20147.4076,23340.256649999996,58145.70869999993,37.59015922453664,49.623,52.83,63.066,0,0,0,"STABLE",0
"agg-4xtp4","100","1","poisson","123",4.830106967952886,1547.2957865418991,2750,0.8778181818181818,114.37486472727272,220.71479999999997,327.0669499999997,584.6364599999999,12401.725024,21204.4339,25667.6556,49080.37775999988,38.47441367075231,51.584,55.227,63.926,0,0,0,"OVERLOADED",0.2462140352527187
"agg-4xtp4","100","1","poisson","777",4.478698548161533,1472.8513025895431,2720,0.8911764705882353,110.47258713235294,211.08359999999996,316.93214999999987,536.7294399999998,12458.629468382353,20915.400899999997,24279.80919999996,59153.975729999904,37.660871767527766,49.485,54.4,64.168,0,0,0,"STABLE",0
"agg-4xtp4","100","1","weibull","42",4.584935756763086,1561.353403022188,2960,0.7466216216216216,125.92587331081081,258.6753,368.40004999999974,605.1047299999997,14388.00888445946,24399.532399999996,30689.843249999994,81133.46454999998,42.001860420203016,59.075,66.236,75.715,0,0,0,"OVERLOADED",0.29844132060731293
"agg-4xtp4","100","1","weibull","123",5.069550375987155,1610.4477303526587,2630,0.9250950570342206,115.90375893536121,231.4617999999999,373.09484999999995,668.3174600000001,11730.802989353611,19554.5938,22809.07299999999,41351.58860000002,36.675705733606776,48.267,51.162,59.526,0,0,0,"OVERLOADED",0.16650695207713442
"agg-4xtp4","100","1","weibull","777",4.946117910373271,1492.4048627209172,2180,0.9926605504587156,73.37586055045871,88.40740000000001,124.55494999999985,344.38369000000034,9463.588319266055,15715.730600000003,17378.801199999994,21192.083400000007,31.221877616889643,42.781,45.373,55.11,0,0,0,"STABLE",0
"agg-4xtp4","100","5","poisson","42",4.823602446450055,1682.394114664635,3949,0.15250379362670713,232.93031740010116,519.7252000000003,747.929,1210.7488699999979,22771.854546214232,41180.59980000003,63964.79359999999,142201.60947999998,64.80509176291213,89.345,96.49,110.556,5,0,0,"OVERLOADED",0.5183603204567213
"agg-4xtp4","100","5","poisson","123",4.674921961629782,1609.4639214065169,3984,0.13171098845960863,236.0045421475163,560.3075,743.385,1230.2931000000003,22381.79530070281,40905.48640000002,59723.59999999997,140437.17469000025,64.51103089618985,89.175,97.637,115.319,2,0,0,"OVERLOADED",0.5236702960154082
"agg-4xtp4","100","5","poisson","777",4.260922493535284,1525.4624750973833,3998,0.11852963240810202,230.2184108527132,518.6364000000004,721.6074999999998,1119.2886799999999,23001.807808154077,40761.7833,60517.48129999993,171572.43803999963,63.78152276515324,87.434,93.43,105.276,1,0,0,"OVERLOADED",0.5673273304470914
"agg-4xtp4","100","5","weibull","42",4.757402988144095,1670.6315702969832,3973,0.09026904702036712,233.50216997736987,527.2850000000002,737.1479999999992,1143.3043599999994,23248.124410521017,41213.5466,64573.16419999991,137379.82483999996,65.72321952855225,86.996,94.948,105.878,4,0,0,"OVERLOADED",0.43354082058957094
"agg-4xtp4","100","5","weibull","123",4.671693889714421,1595.5858087415124,3948,0.18795851252213508,231.56556109284088,534.5280000000001,717.5191999999996,1157.352,22043.909767477202,41657.21740000001,59614.579449999954,137730.66471999986,64.04904606813862,95.071,105.508,123.523,5,0,0,"STABLE",0.001264862130027855
"agg-4xtp4","100","5","weibull","777",4.273919437389366,1487.4162383167006,3937,0.24151039026862645,228.88773416117587,519.551,719.10075,1211.1098500000012,21959.4111506223,39192.42560000001,58937.9378,157771.43047999995,62.61927545117053,91.519,101.048,119.395,9,0,0,"OVERLOADED",0.5686847516909561
"agg-4xtp4","100","10","poisson","42",4.890916525386663,1685.8836538272458,3939,0.09604662949822605,237.98196984287887,530.7325,748.36925,1250.9258000000007,23068.698016755523,41406.3462,61500.97219999995,139196.97577999998,66.42531719236355,94.987,107.329,124.048,7,0,0,"OVERLOADED",0.44090569419630893
"agg-4xtp4","100","10","poisson","123",4.570830272212509,1566.4681389689576,3976,0.11007790902236743,243.2446499120382,555.8102,772.7899,1217.0883199999992,22810.73964813883,41626.133,60520.49575,144769.915,66.0410250589193,89.356,96.679,107.449,3,0,0,"OVERLOADED",0.4285036428149705
"agg-4xtp4","100","10","poisson","777",4.276047922659197,1503.557462421468,3930,0.10058420116840233,228.83257912115826,504.2726,685.0691999999999,1149.113679999998,22895.58414452926,40837.06649999999,57421.49424999999,150761.39635000002,64.64595814431449,89.081,96.649,110.489,7,0,0,"OVERLOADED",0.4328599998058316
"agg-4xtp4","100","10","weibull","42",4.87431135001464,1714.408444535375,3985,0.07622868605817452,238.09654212637915,543.6287000000004,769.125199999999,1181.4759800000006,23911.16079749059,42808.8618,64341.49239999998,138356.32823999942,67.49590176884902,90.746,100.373,116.034,3,0,0,"OVERLOADED",0.39989135201953346
"agg-4xtp4","100","10","weibull","123",4.323589127206683,1496.9692342801513,4000,0.09897525618595351,238.08247113221694,548.937,741.509,1188.334,22998.458032000002,40973.4435,60518.0787,148034.65918999957,65.92538638108175,86.907,94.416,106.724,1,0,0,"OVERLOADED",0.36381644631318394
"agg-4xtp4","100","10","weibull","777",4.109948285393169,1435.292748200171,3910,0.15331632653061225,226.07341836734696,506.05879999999996,691.7906999999998,1158.8848699999996,22602.446171355496,40404.0452,59803.51074999997,158780.79992999992,64.25868292747415,91.192,99.466,112.223,10,0,0,"OVERLOADED",0.5114077987701248
"agg-4xtp4","100","20","poisson","42",4.693333910467727,1633.927434390645,3952,0.062421026029820574,240.1927179681577,529.9318000000001,740.0089999999998,1186.5310000000004,23759.95660450405,41958.5497,63917.89834999986,146814.74701000002,67.75105963164658,90.204,96.333,109.533,5,0,0,"OVERLOADED",0.40716858363364145
"agg-4xtp4","100","20","poisson","123",4.601183531155376,1574.7510111618935,3974,0.09806386723661051,243.97786874528538,552.2916000000001,769.6683999999998,1149.4765599999998,23035.38779667841,42854.44590000001,60496.63314999998,138607.27818999995,66.78638182791543,91.34,99.783,113.316,3,0,0,"STABLE",0.0007543374402816383
"agg-4xtp4","100","20","poisson","777",4.629294766833256,1622.9322899029153,3912,0.09260204081632653,231.40513801020407,512.1485999999999,685.8591499999993,1100.31307,22910.424359406952,41590.332200000004,58672.15374999999,140802.94702999966,64.87292768318865,90.918,98.604,112.927,8,0,0,"OVERLOADED",0.354817022702033
"agg-4xtp4","100","20","weibull","42",4.826784644237435,1710.0425771264602,4001,0.07821089455272363,247.86199375312344,545.4553,774.8445999999997,1250.53053,24268.867660334916,43554.89,64900.534,149843.124,67.9915673503924,91.537,98.733,114.104,1,0,0,"OVERLOADED",0.3716265823757864
"agg-4xtp4","100","20","weibull","123",4.497510149890006,1551.3006923719022,3978,0.09143431298668676,243.3027407686511,554.09,754.49,1179.7287999999999,23274.588269230768,41302.36520000001,59353.19994999993,147838.77859000003,66.9645759090321,90.026,95.415,106.785,3,0,0,"STABLE",0.0007535795026375469
"agg-4xtp4","100","20","weibull","777",4.383934443004903,1573.2388530529975,3988,0.06817042606516291,235.38408696741854,529.1820999999999,727.4117499999996,1119.2608900000007,23450.601260531592,39696.387500000004,60582.15539999999,168612.1241400002,64.86967488950113,87.258,93.209,106.995,2,0,0,"OVERLOADED",0.43873219949827613
"agg-4xtp4","150","0.5","poisson","42",4.498075359326356,1436.2863273866362,2255,0.9866962305986696,79.12030066518847,96.54860000000001,156.32169999999988,406.56236000000024,10549.70820886918,17111.564200000004,18747.6824,27754.94256000003,32.89173409288485,44.024,45.994,58.179,0,0,0,"STABLE",0
"agg-4xtp4","150","0.5","poisson","123",5.138934580786437,1594.0909326299986,2345,0.982089552238806,84.90679445628997,107.27439999999997,197.46539999999973,430.2738799999996,10360.730249040513,17336.560799999996,19428.879799999995,31238.486759999993,33.23120623497561,44.136,45.512,56.755,0,0,0,"STABLE",0
"agg-4xtp4","150","0.5","poisson","777",4.948560972380422,1519.9664315109785,2330,0.9811158798283262,86.48302918454937,117.52719999999998,214.3040999999999,449.8582600000002,10177.997879828326,17331.871799999997,19420.4988,28101.448840000037,32.95976402738117,44.651,46.463,56.084,0,0,0,"STABLE",0
"agg-4xtp4","150","0.5","weibull","42",4.521456941222694,1459.7788852148735,2345,0.9808102345415778,86.91650959488273,113.56479999999996,216.55119999999962,446.68519999999984,11098.17909424307,18027.5402,19775.92319999999,32147.923119999974,34.20936770753837,45.861,46.505,52.544,0,0,0,"STABLE",0
"agg-4xtp4","150","0.5","weibull","123",4.920654814557808,1519.6300099894124,2240,0.9848214285714286,76.356171875,94.74170000000002,149.40329999999966,350.1751000000005,10004.671659375,16647.041300000008,18427.079249999995,26542.371150000057,32.250404929720446,44.201,45.944,62.352,0,0,0,"STABLE",0
"agg-4xtp4","150","0.5","weibull","777",5.628293472462181,1663.226228566292,2105,0.9947743467933492,69.73830213776722,84.4038,96.7752,345.57320000000016,9224.318603800475,15445.540000000003,17025.9934,19994.84736,31.081295578493002,42.718,45.532,47.688,0,0,0,"STABLE",0
"agg-4xtp4","150","1","poisson","42",4.197150861647938,1386.7465788110903,2645,0.8657844990548205,104.19436332703214,190.51819999999998,278.3773999999995,506.25683999999995,12542.509837429112,20772.8692,23944.950999999983,59799.33379999998,37.757945045611685,51.814,55.594,64.245,0,0,0,"STABLE",0
"agg-4xtp4","150","1","poisson","123",5.0032734396683525,1600.3468594772755,2735,0.8475319926873858,113.403802559415,229.65479999999997,338.96520000000004,596.7825399999984,12314.361510420475,20866.1658,25420.1675,49355.97089999988,38.26187702073887,54.376,58.117,65.687,0,0,0,"OVERLOADED",0.1994610066743424
"agg-4xtp4","150","1","poisson","777",4.6322127296072475,1518.569479962095,2705,0.9123844731977819,110.07742329020333,207.90459999999996,324.83899999999977,586.3090800000003,12352.333181146025,20700.658599999995,24069.26219999999,57532.80584000004,37.45540516022486,49.608,52.513,63.141,0,0,0,"STABLE",0
"agg-4xtp4","150","1","weibull","42",4.802860902614403,1634.8577888131313,2930,0.7569965870307167,126.77931979522185,261.3536,379.4951499999999,591.6004100000001,14355.157902389079,23937.0745,30177.855,72176.32491000005,41.920790648820415,59.747,63.11,73.585,0,0,0,"STABLE",0
"agg-4xtp4","150","1","weibull","123",5.070413536469522,1610.7219311666684,2630,0.9079847908745247,110.43725019011407,211.29139999999975,309.45064999999965,623.8487300000003,11839.14108326996,19573.094199999996,22809.847999999994,42900.03036000004,37.03508408657564,49.206,53.039,62.742,0,0,0,"OVERLOADED",0.16327745766496546
"agg-4xtp4","150","1","weibull","777",4.958853244169027,1496.2475277017295,2180,0.9917431192660551,75.227273853211,90.31269999999999,139.38184999999996,409.71679000000006,9585.72882706422,15844.521200000007,17496.66885,20827.937220000007,31.6218645387334,43.963,45.988,54.75,0,0,0,"STABLE",0
"agg-4xtp4","150","5","poisson","42",4.820520529350416,1678.815660626629,3960,0.12686002522068096,241.93963631778058,553.0908000000001,791.2665999999999,1232.2020800000005,22820.94928358586,41087.258499999996,61843.267099999975,143495.85329999993,65.01772421822223,88.207,93.743,107.564,5,0,0,"OVERLOADED",0.5077399846220845
"agg-4xtp4","150","5","poisson","123",4.649095397977655,1598.6521462027092,3987,0.12008022060666834,231.1004810729506,525.8790000000001,713.4405999999996,1144.4377199999992,22159.071370704787,41275.15820000001,58640.81919999997,141450.77781999984,63.95328690009839,89.511,96.014,108.312,2,0,0,"STABLE",0.0005013787916771095
"agg-4xtp4","150","5","poisson","777",4.340231486560218,1563.467193122098,4010,0.10423940149625935,240.48875211970073,542.2643999999999,776.8535999999997,1168.0066799999997,22959.16353840399,40103.801499999994,59917.206949999876,175101.02550999963,63.24112000286012,83.814,89.915,101.198,0,0,0,"OVERLOADED",0.5411342056745466
"agg-4xtp4","150","5","weibull","42",4.799325144685933,1687.7172437172464,3979,0.12330487192365645,243.1482255148167,557.9504000000002,788.5345499999988,1238.3044700000012,23357.178345312892,44037.0492,63792.27369999996,145195.65841999807,65.91401050624792,98.681,108.891,124.789,3,0,0,"OVERLOADED",0.46025399349700735
"agg-4xtp4","150","5","weibull","123",4.196001287486622,1447.8772128338187,3971,0.13361852038248617,240.48228736789127,558.8642000000001,749.7093999999996,1189.8786199999997,22314.462864265926,40168.305,58535.2705,144379.08330000108,64.15471456969978,90.026,96.839,112.946,3,0,0,"OVERLOADED",0.44438597064852087
"agg-4xtp4","150","5","weibull","777",4.566380850634223,1630.0077932747104,3986,0.22517552657973922,232.20392427281845,530.5399000000003,754.1003499999998,1120.39476,22413.537517812343,40536.4655,58607.3255,170161.31695000007,62.31224925749727,86.812,92.768,103.934,2,0,0,"OVERLOADED",0.6021715445287176
"agg-4xtp4","150","10","poisson","42",4.701405406750206,1641.8692462260815,3979,0.08538422903063787,241.90378628829734,533.9253,748.8123499999998,1330.2149700000002,23637.180972606184,42161.87920000001,64020.13869999996,145740.69011999958,67.18193723247245,89.31,96.7,109.298,3,0,0,"OVERLOADED",0.45873411734858427
"agg-4xtp4","150","10","poisson","123",4.416486813150967,1510.8457549435902,3969,0.09010823055625472,245.0549197080292,561.0952000000004,754.1689999999991,1237.338079999997,22811.5225643739,41015.915400000005,61089.96059999998,143614.75156,66.15740278550297,88.266,95.205,110.198,4,0,0,"OVERLOADED",0.42640654441716197
"agg-4xtp4","150","10","poisson","777",4.294475671228622,1506.626106259335,3933,0.0982233502538071,228.87867436548223,507.2359999999999,687.4049999999999,1081.4873800000014,22860.830510551743,40492.44900000001,59256.65239999998,162933.75347999966,64.69276072715802,88.751,97.155,111.122,7,0,0,"OVERLOADED",0.44238576649252176
"agg-4xtp4","150","10","weibull","42",4.966972370892363,1742.9337799748469,3965,0.07608969513731419,242.42781405895693,541.0188000000002,779.4927999999998,1176.4724400000005,23834.2399889029,42380.753,64654.79639999982,148585.4834800003,67.42107342947673,92.759,100.96,114.529,4,0,0,"OVERLOADED",0.39441971760700884
"agg-4xtp4","150","10","weibull","123",4.527231042059307,1550.2426182761653,3951,0.11678463094034378,236.71494084934275,535.129,724.591,1190.4221499999987,22777.142657048847,41359.465,61126.328499999996,147672.757,66.01704515947294,92.449,101.677,120.491,5,0,0,"OVERLOADED",0.35627288848812766
"agg-4xtp4","150","10","weibull","777",4.417569356712541,1581.4876109339502,3982,0.08381430363864492,232.12061530740277,514.7351999999998,717.3667999999991,1153.8019599999993,22937.08756378704,40269.8392,60902.877499999966,163165.02042000007,63.59789903079127,86.197,94.28,109.228,3,0,0,"OVERLOADED",0.5174315436071164
"agg-4xtp4","150","20","poisson","42",4.957232435248967,1745.3749396551211,3997,0.06603301650825413,246.03138669334666,555.0801,774.2350499999982,1157.9765999999977,23993.304574430822,41540.982800000005,61873.41879999997,143424.72215999998,67.63708905837912,88.883,94.128,105.718,1,0,0,"OVERLOADED",0.3970884509161375
"agg-4xtp4","150","20","poisson","123",4.72869236287319,1616.7719372987149,3958,0.09136799596163554,239.05275896012114,544.8426000000001,728.2715999999997,1084.86114,22912.890721071246,41092.08890000001,60556.05569999996,142024.12108999945,66.50864322330912,90.656,96.407,110.066,4,0,0,"OVERLOADED",0.35892091874554677
"agg-4xtp4","150","20","poisson","777",4.52399734528685,1593.147982616421,3963,0.0619647355163728,241.32927632241814,528.4698,724.3951499999998,1126.7111799999996,23413.122290688872,40660.173400000014,59821.913199999944,159799.62674,65.98594086705705,88.204,94.66,105.977,7,0,0,"OVERLOADED",0.4075987228198845
"agg-4xtp4","150","20","weibull","42",4.913163918950434,1722.1164051034448,3981,0.056963613550815556,250.62113676286071,559.4938,735.4577999999997,1180.897559999998,24043.73877618689,41579.828,63640.932,144051.60679999998,68.07333649728834,89.814,96.076,110.407,4,0,0,"OVERLOADED",0.3390623061829656
"agg-4xtp4","150","20","weibull","123",4.708247358959305,1627.4593715185563,3987,0.0997743795437453,243.41644246678365,540.2026000000001,728.3517999999999,1197.1848,23350.55531527464,40822.64940000001,62441.52809999999,144298.48142,67.0408749094905,92.327,99.16,114.119,2,0,0,"OVERLOADED",0.3559166427685711
"agg-4xtp4","150","20","weibull","777",4.471745021482485,1610.4158909322787,4010,0.05461346633416459,233.36131496259353,519.7308999999998,724.3554999999989,1086.0707499999987,23452.694321197007,39323.62269999999,58059.7670999999,173601.4087199993,64.65197590542991,84.095,90.068,98.588,0,0,0,"OVERLOADED",0.43894159786017806
"agg-4xtp4","200","0.5","poisson","42",4.559399414800378,1455.8677917644202,2255,0.9862527716186252,78.74780088691796,97.47520000000004,151.38739999999976,383.6420800000002,10646.835226607538,17326.941600000002,18862.310099999995,29066.772660000006,33.19803649246578,44.341,46.121,57.327,0,0,0,"STABLE",0
"agg-4xtp4","200","0.5","poisson","123",5.20089881112643,1613.312157609528,2345,0.9829424307036247,86.53644562899787,121.74119999999998,226.5539999999999,426.8577199999999,10424.13842217484,17307.086799999997,19671.091599999992,33104.63955999993,33.43100823229725,44.453,46.015,57.1,0,0,0,"STABLE",0
"agg-4xtp4","200","0.5","poisson","777",4.957575272998404,1522.7352029617805,2330,0.9785407725321889,87.76042575107297,113.0773999999998,220.7326999999996,512.4239500000003,10203.746993133047,17317.5288,19363.270599999974,28701.991590000027,33.03969693426809,44.025,45.944,52.958,0,0,0,"STABLE",0
"agg-4xtp4","200","0.5","weibull","42",4.656104277896969,1503.2505673701328,2345,0.9688699360341151,96.81642174840086,153.02999999999997,274.89839999999947,625.9175999999994,11140.49725586354,18232.7624,20266.6602,31834.584239999975,34.31009058737175,46.278,48.157,53.94,0,0,0,"STABLE",0
"agg-4xtp4","200","0.5","weibull","123",4.94126167828594,1525.993961478224,2240,0.9834821428571429,75.95033749999999,93.01640000000002,142.1968499999999,336.34400000000124,10002.708676785714,16725.456500000004,18343.979499999998,27865.645820000223,32.24534640886862,43.984,45.762,62.578,0,0,0,"STABLE",0
"agg-4xtp4","200","0.5","weibull","777",5.633150169783012,1664.6614391514786,2105,0.9923990498812352,72.27334204275535,86.28100000000002,102.78639999999999,405.76608000000033,9294.859971496437,15559.169600000003,17200.2818,20243.505640000003,31.31220776937383,43.505,45.906,48.107,0,0,0,"STABLE",0
"agg-4xtp4","200","1","poisson","42",4.2225481199229025,1395.1378809550786,2645,0.8771266540642723,103.63047712665406,182.23819999999998,293.8341999999996,526.57408,12561.973848771268,20697.572,24309.46739999999,56177.39715999998,37.81874584284055,51.286,56.368,64.06,0,0,0,"STABLE",0
"agg-4xtp4","200","1","poisson","123",4.831550286944977,1545.4194981259027,2735,0.8925045703839123,111.04557477148082,215.45279999999997,326.0198999999999,526.4423199999998,12358.59952870201,20972.918599999997,24389.183299999993,49571.891259999706,38.40801090837788,51.158,54.655,64.226,0,0,0,"OVERLOADED",0.20151585189659552
"agg-4xtp4","200","1","poisson","777",4.510370682805325,1478.6262337318642,2705,0.8746765249537892,113.2108606284658,221.4346,343.082,568.0468400000001,12482.682247689463,20567.106399999997,24820.6156,57368.00392,37.84464840680036,50.52,54.117,63.426,0,0,0,"STABLE",0
"agg-4xtp4","200","1","weibull","42",4.84097426256304,1641.4675371410565,2900,0.7124137931034483,129.19014896551724,266.18919999999997,389.30624999999975,614.1292899999984,14320.05314586207,23529.667,28187.29869999999,70276.47949999914,41.97282547688454,58.392,61.2,69.322,0,0,0,"OVERLOADED",0.2355512891928959
"agg-4xtp4","200","1","weibull","123",4.941168986004733,1569.6647214499308,2630,0.9064638783269962,117.6662288973384,220.93119999999993,373.9729499999999,804.7892400000001,11884.276413688212,19892.2288,23400.987599999997,40811.55201000001,37.15478682202189,48.374,53.378,63.979,0,0,0,"OVERLOADED",0.15834493192934382
"agg-4xtp4","200","1","weibull","777",4.933583019103322,1488.6226777783147,2180,0.9885321100917431,77.03238394495412,92.43990000000001,140.47639999999905,408.0254400000006,9636.172727522935,16094.9979,17708.996349999994,21376.292740000023,31.783598901459282,44.441,46.703,56.56,0,0,0,"STABLE",0
"agg-4xtp4","200","5","poisson","42",4.92888305969497,1727.6536468400157,3998,0.1105,249.046732,586.0228999999998,810.7653999999998,1196.3534399999994,23080.26952376188,40952.1832,63301.09214999996,146051.3075999991,65.32022604385679,87.552,94.569,105.193,2,0,0,"OVERLOADED",0.515627454324429
"agg-4xtp4","200","5","poisson","123",4.5273974107488435,1534.7094453499017,3933,0.12944162436548223,233.09218934010153,528.3223999999999,704.58385,1136.7027200000002,21842.24421154335,39718.06460000001,60140.101999999955,126043.26871999992,63.93434114028132,88.755,94.674,111.159,7,0,0,"STABLE",0.0017766497461928488
"agg-4xtp4","200","5","poisson","777",4.183922596886091,1487.847306489121,3955,0.10757575757575757,237.76069974747475,533.8503999999999,758.9634999999996,1172.4198699999997,22675.909988622,40276.7668,59698.16799999991,165437.08920000002,63.27304040185813,87.738,97.485,111.764,5,0,0,"OVERLOADED",0.5339777443679685
"agg-4xtp4","200","5","weibull","42",4.818907657146922,1702.6899765311944,3985,0.1402056684223727,243.96707524454476,584.9914,797.4442999999997,1205.9078399999999,23522.741006022585,43323.1484,63507.47499999993,153261.41787999985,66.06812657329907,96.894,106.427,122.909,2,0,0,"OVERLOADED",0.500689550907916
"agg-4xtp4","200","5","weibull","123",4.255044525713174,1459.5395047794807,3951,0.14560161779575329,240.80881825075835,540.141,731.139,1200.9256999999998,22128.721279676032,40727.95,58391.805499999995,127822.37,63.9953174143064,91.951,100.208,115.771,5,0,0,"OVERLOADED",0.41962194832596333
"agg-4xtp4","200","5","weibull","777",4.40085419460498,1584.885876681373,4010,0.19625935162094763,240.82277730673314,561.6097999999998,757.7994499999998,1114.5578199999998,22612.210681546134,40233.378399999994,58118.73544999993,168384.05624999956,62.290876176032924,84.802,91.063,101.089,0,0,0,"OVERLOADED",0.5892581918178571
"agg-4xtp4","200","10","poisson","42",4.818197405857011,1673.7509289923667,3967,0.10347432024169184,242.39143026183282,550.2195,743.2458999999997,1243.42653,23408.08643584573,41198.918000000005,63419.24629999991,143172.74280000036,66.87705456176943,88.219,94.718,107.428,5,0,0,"OVERLOADED",0.4093847939617624
"agg-4xtp4","200","10","poisson","123",4.462357167272835,1538.9791224884573,4002,0.10392205845615789,248.1859862603048,562.0988000000002,729.2268999999998,1194.8655600000002,23051.99920889555,41052.0714,60019.14015,148948.98625999948,66.31129182122773,87.677,93.745,103.891,1,0,0,"OVERLOADED",0.4593507314580851
"agg-4xtp4","200","10","poisson","777",4.275054851995722,1511.3378159360327,3935,0.10781329274479959,234.15799061390157,522.9159000000001,735.2517999999999,1143.86622,22995.12693189327,41108.337,60328.91339999999,162967.33807999978,64.56412867065315,87.872,98.295,113.69,7,0,0,"OVERLOADED",0.4413297994900413
"agg-4xtp4","200","10","weibull","42",4.750056066921535,1668.7151407995289,3973,0.08524013075182298,249.25616947447827,551.7500000000001,783.6576,1301.7987199999995,23901.2424880443,41261.71380000001,65250.66159999993,147966.4398399995,67.51664148462486,89.414,95.569,110.284,4,0,0,"OVERLOADED",0.3692066895958961
"agg-4xtp4","200","10","weibull","123",4.461739779748241,1545.1275975739395,3999,0.08525,242.6154945,552.4152999999999,749.5242000000001,1195.10283,22882.689512128032,41195.580000000016,60268.39549999998,151059.50569999998,65.56342328980308,86.375,92.337,104.116,1,0,0,"OVERLOADED",0.3764505409030304
"agg-4xtp4","200","10","weibull","777",4.428785280720308,1574.982452427016,3979,0.15515942756716042,232.7313964348481,534.3278000000001,721.3233999999999,1106.3910199999998,22851.859224679567,40672.07740000001,57754.752699999975,162519.8471199995,63.78171870714625,87.294,93.888,106.828,4,0,0,"OVERLOADED",0.5283443088175993
"agg-4xtp4","200","20","poisson","42",4.784062966417475,1663.3030745454091,3964,0.11013104838709678,249.33555015120967,561.2780000000002,765.4079499999999,1244.844549999999,23831.35863925328,43178.96580000001,61877.72675,143951.25131999995,68.02072604591832,93.488,99.128,112.289,4,0,0,"OVERLOADED",0.3853834583921048
"agg-4xtp4","200","20","poisson","123",4.717561049869367,1613.051972606268,3959,0.08781226343679031,244.09492858945242,555.9190000000001,716.4090999999995,1079.5683200000017,23074.379263955543,42194.07920000002,60696.311899999964,144677.33960000018,66.96349894126347,94.726,102.787,119.188,4,0,0,"STABLE",0.0010093363613423723
"agg-4xtp4","200","20","poisson","777",4.4235044799365655,1586.0263166279146,3993,0.06708385481852315,244.8886032540676,540.7958,751.2800999999996,1188.3291399999996,23699.922044327574,39845.65580000001,58927.61299999995,167454.29895999993,65.59809379636025,86.706,92.93,105.698,2,0,0,"OVERLOADED",0.41507335733338147
"agg-4xtp4","200","20","weibull","42",4.742481460224867,1665.3916577478353,3973,0.10334422931858185,254.89737691727433,566.529,794.4761999999998,1212.1645199999978,24113.72221520262,43392.12060000002,63321.2656,145364.90527999992,68.13408216767634,93.855,102.74384999999985,117.761,4,0,0,"OVERLOADED",0.3608166931735486
"agg-4xtp4","200","20","weibull","123",4.479076528261667,1551.1314189312234,3999,0.08075,240.45365049999998,530.1773,729.0967499999999,1094.0595699999997,23317.466471367843,41676.253800000006,61145.78459999999,145559.86297999998,66.82831535348137,88.385,93.288,103.053,1,0,0,"OVERLOADED",0.323811840490702
"agg-4xtp4","200","20","weibull","777",4.223328236496516,1502.2994018478853,3973,0.07616892911010557,236.0303436400201,512.4121000000001,698.3692499999992,1140.84616,23229.87023659703,39992.4872,57961.54519999991,156816.64831999992,64.82217924388394,86.202,91.965,102.756,5,0,0,"OVERLOADED",0.4162307046490582
"pd-thresh16","50","0.5","poisson","42",4.318503943157418,1392.1542385452467,2300,0.8691304347826087,163.11877956521738,401.58619999999996,483.12895,578.72653,11848.082492173913,19806.9922,22129.156499999997,32471.104079999972,36.63242328079551,51.576,55.331,58.681,0,0,2296,"STABLE",0
"pd-thresh16","50","0.5","poisson","123",5.027608011529893,1560.042140958894,2450,0.8608163265306122,180.31900612244897,442.3533,502.8679999999999,566.0646099999998,12019.101696326532,20311.101399999996,23141.792899999997,39354.556209999915,38.566042236923195,51.33,54.053,58.682,0,0,2447,"STABLE",0
"pd-thresh16","50","0.5","poisson","777",4.842849192618769,1497.6402706176693,2345,0.9121535181236674,167.09451641791046,408.57599999999996,483.3227999999996,583.3331199999998,11188.095375266525,19044.373,21342.46559999999,33022.523679999984,36.03467707836163,49.753,51.597,53.697,0,0,2341,"STABLE",0
"pd-thresh16","50","0.5","weibull","42",3.9763766027089185,1288.5397833918046,2360,0.8245762711864407,172.42711652542374,424.72259999999994,495.5288499999998,587.33349,12470.620691949154,20613.256100000002,23162.654249999996,40858.75260999984,38.34692358554293,53.215,55.809,61.493,0,0,2354,"STABLE",0
"pd-thresh16","50","0.5","weibull","123",4.752120395610637,1485.0437422382756,2330,0.8918454935622318,165.94889613733906,408.4903,487.70804999999996,562.04999,11392.02588583691,19068.0775,22044.870999999992,36127.63769000004,36.31596517074999,50.189,53.42,59.687,0,0,2326,"STABLE",0
"pd-thresh16","50","0.5","weibull","777",5.534807913965474,1635.6001579563185,2105,0.9762470308788599,129.5653672209026,125.2394,343.1466,516.6943600000001,9788.14674536817,16554.664200000003,18242.4836,21739.30336,33.06601790475637,45.792,49.079,52.641,0,0,2099,"STABLE",0
"pd-thresh16","50","1","poisson","42",4.33321761624378,1434.721980359468,2720,0.580514705882353,214.52820845588235,488.23119999999994,527.31715,595.6411999999999,14494.112683455882,24295.0911,28065.66584999999,70175.75300999983,43.5629421641043,60.056,63.162,65.534,0,0,2720,"OVERLOADED",0.18058969687123014
"pd-thresh16","50","1","poisson","123",4.43209806680368,1442.758328881493,2810,0.47259786476868326,223.81839074733097,495.6952,536.7865999999999,590.70066,14986.65389252669,25919.104199999998,31159.200049999985,58824.48132999984,45.80789079464643,60.822,64.549,68.496,0,0,2809,"OVERLOADED",0.34044923484179024
"pd-thresh16","50","1","poisson","777",3.907064252022491,1282.6297841963324,2795,0.570304114490161,222.2449474060823,489.21239999999995,535.1821,599.8015599999999,14600.355561001788,24788.1428,29843.37599999999,75299.92721999998,44.24120050701768,58.234,61.132,63.911,0,0,2793,"STABLE",0
"pd-thresh16","50","1","weibull","42",4.553950095634384,1551.6634954662163,3020,0.34602649006622516,248.41806953642384,514.9087000000001,548.6936999999999,603.27086,17546.25459735099,30308.369899999998,37238.866549999955,95208.56908999998,51.24962914066719,69.443,73.912,79.367,0,0,3019,"OVERLOADED",0.3121114602596271
"pd-thresh16","50","1","weibull","123",4.713473434060822,1497.3325109690234,2630,0.7231939163498099,204.565419391635,472.6033,519.7603499999999,580.7070700000002,13268.729543346008,22602.6324,26307.389999999992,49922.59757000003,41.55749768864277,55.666,59.214,62.121,0,0,2627,"OVERLOADED",0.18900535763214266
"pd-thresh16","50","1","weibull","777",4.544192751546216,1377.4394080011562,2210,0.9497737556561086,148.32753529411764,335.94960000000003,446.9914999999998,548.00632,10409.635929864255,17443.390900000002,19614.366399999984,24131.260029999994,34.23797764970712,47.823,50.901,54.28,0,0,2203,"STABLE",0
"pd-thresh16","50","5","poisson","42",4.279899837417403,1467.8896669431265,3801,0.03316792896317576,330.77531418124835,567.3412,628.9464,1008.5663199999996,26935.59017054061,47762.721000000034,70265.1112,168066.4175199998,77.20370694755273,99.86,103.497,108.36,7,3,3808,"STABLE",0
"pd-thresh16","50","5","poisson","123",4.040415712868425,1365.561412510289,3751,0.03623380058185665,324.4327984660143,561.833,624.755,979.1455999999991,25401.464015339858,46294.827,65278.85,157735.78759999978,74.03695307180803,98.656,102.921,108.72,6,2,3757,"OVERLOADED",0.4265591916621023
"pd-thresh16","50","5","poisson","777",3.8424404272302666,1335.5412737279603,3715,0.044580886278697274,314.0477175654031,550.7705,597.7239999999999,870.7760500000005,25619.28071489589,44529.2745,61940.9725,169938.74735000046,72.66032337240812,94.213,101.979,108.619,6,0,3721,"OVERLOADED",0.3776116948590064
"pd-thresh16","50","5","weibull","42",4.3784602725642285,1519.231705770929,3726,0.043941411451398134,319.58795286284953,556.3679999999999,600.694,883.0620400000001,26863.375215978693,47001.559199999996,68141.98469999991,161714.95796000003,76.60354102889113,99.564,103.172,108.315,5,0,3731,"STABLE",0
"pd-thresh16","50","5","weibull","123",4.175364720839183,1409.634784949668,3746,0.03472038165915717,320.6646925523456,556.6696,606.4173999999998,908.1339599999969,25603.116821362313,45661.039000000026,66024.1987999999,175822.63291999977,74.19796922435151,96.846,102.138,108.244,8,0,3754,"OVERLOADED",0.4134172572648739
"pd-thresh16","50","5","weibull","777",3.9324214472495935,1370.6854109948893,3724,0.09211927582534611,316.6535247603834,556.265,604.98175,900.7092499999977,24931.108760915868,44878.081000000006,63785.011750000005,178135.59054999865,70.45860976625455,97.666,104.369,109.106,6,2,3730,"OVERLOADED",0.5393948566682496
"pd-thresh16","50","10","poisson","42",4.36052075420793,1495.8737531390182,3770,0.035507627564439766,331.6425302472383,566.6841999999999,636.13825,990.0900199999998,27151.473899789584,47329.205500000004,69445.50009999999,169053.55532999957,77.9036475906651,100.673,104.721,108.984,7,0,3777,"STABLE",0
"pd-thresh16","50","10","poisson","123",4.072909749117134,1381.5021025445444,3779,0.017880620562713646,328.7790993952143,563.859,621.1437999999984,979.8445800000001,26836.799224559556,47811.7872,67132.1479,173152.56192000007,77.6989532397884,99.07,102.858,107.799,7,0,3786,"STABLE",0
"pd-thresh16","50","10","poisson","777",3.820677058116482,1334.072234346633,3722,0.022364217252396165,319.0491384451544,553.904,600.045,852.1747499999999,26872.917534078806,47075.2435,64644.7555,190867.73179999992,75.55563664185756,98.938,103.584,108.36,8,0,3730,"OVERLOADED",0.3577443412470498
"pd-thresh16","50","10","weibull","42",4.406078469957073,1530.1592815428485,3708,0.021111704970603957,324.04918038482094,561.1234,612.10505,928.7622600000007,26548.421807055052,47295.40570000002,64807.51009999996,155114.77368000022,75.67504763555084,101.406,105.469,108.678,5,5,3713,"OVERLOADED",0.2700921456545308
"pd-thresh16","50","10","weibull","123",3.992286760809658,1346.993061373526,3733,0.023391812865497075,328.3052177033493,566.0813,624.8429499999999,950.2894999999991,26167.571162679425,46276.41130000001,64169.7449,150291.1749799992,76.43323674267008,103.079,105.902,109.308,6,0,3739,"OVERLOADED",0.25100775129304065
"pd-thresh16","50","10","weibull","777",3.8989188655471128,1347.5352239546035,3850,0.025614489003880983,331.163659767141,567.6984,625.6301999999998,943.8155600000006,27525.62397930142,47958.03699999999,68515.26219999982,199929.19400000048,77.19181405856895,99.786,103.802,107.82,11,0,3861,"OVERLOADED",0.4694515075735136
"pd-thresh16","50","20","poisson","42",4.188061369992492,1438.067009545961,3668,0.02467811158798283,346.7997363197425,577.8234,665.42935,1039.6324200000001,27794.544125,49018.53600000002,74207.18849999996,169258.86208,80.27371464631987,100.529,105.776,109.275,7,3,3675,"STABLE",0
"pd-thresh16","50","20","poisson","123",4.06355894514893,1375.5441332149726,3728,0.022298911600743297,340.6109652243165,566.9390000000001,640.3097999999998,1003.3041000000002,27070.794885585346,48205.13600000001,68361.74259999994,168120.84920000014,78.58818606737893,101.332,105.04,109.19,8,1,3736,"OVERLOADED",0.33835047127553985
"pd-thresh16","50","20","poisson","777",3.7798049278036228,1330.8378167052572,3720,0.0129973474801061,340.61209628647214,574.6001999999999,634.8339500000001,961.0776599999998,27705.998363395225,47429.2987,68740.12439999987,194740.4454899999,77.38073249794611,97.33,102.519,108.089,9,0,3729,"OVERLOADED",0.3746989712411962
"pd-thresh16","50","20","weibull","42",4.1389784559153,1453.4286617769567,3562,0.03512623490669594,344.81190532381993,567.2765,629.3411499999999,965.8063000000001,27355.535980241493,48510.4499,73742.28944999991,166686.75734000013,78.16531775568308,101.364,104.945,108.885,5,2,3567,"OVERLOADED",0.37889545238902594
"pd-thresh16","50","20","weibull","123",3.7847547110970217,1304.0330469213932,3569,0.031894418476766564,337.0263546879296,567.6186,629.3183999999999,926.3686,25814.176735496287,45466.0768,64409.67119999996,173072.49015999987,75.2754032733993,100.263,104.27,108.723,3,6,3572,"STABLE",0
"pd-thresh16","50","20","weibull","777",3.78300455537163,1337.6997751417705,3633,0.03765917095638038,319.53383094012463,553.928,600.23,911.7273999999994,25985.925177458685,45488.902,63443.8565,178728.69399999996,73.21315197841727,99.803,104.062,109.377,5,2,3638,"OVERLOADED",0.34712009730808346
"pd-thresh16","100","0.5","poisson","42",4.384041270907893,1414.1900272608127,2285,0.8560175054704595,158.32224070021883,379.329,474.56039999999996,574.4683999999999,12205.002654704595,19870.8678,21745.00039999999,32995.78447999997,37.73481862893864,53.161,54.60230000000016,57.502,0,0,2282,"STABLE",0
"pd-thresh16","100","0.5","poisson","123",4.800420302568168,1485.5330137587425,2375,0.8471578947368421,174.52231663157895,425.3836,506.4266999999999,569.3351999999996,11881.410858526315,20019.0552,22437.676399999997,37413.42997999993,38.240560576857455,53.025,54.125,57.235,0,0,2372,"STABLE",0
"pd-thresh16","100","0.5","poisson","777",4.76289193526001,1462.9375891123284,2330,0.886695278969957,168.06901587982833,412.61449999999996,483.69095,579.41569,11380.34808969957,19549.628,21653.26859999999,29643.883910000004,36.90704213015727,50.903,53.87,56.392,0,0,2328,"STABLE",0
"pd-thresh16","100","0.5","weibull","42",4.260973208897458,1375.6801848770317,2345,0.8285714285714286,172.97278123667377,423.79200000000003,496.2093999999998,593.87488,12594.713342430703,20593.4342,22852.26299999999,35908.27063999999,38.87371898716399,53.098,55.368,56.642,0,0,2339,"STABLE",0
"pd-thresh16","100","0.5","weibull","123",4.78473280961542,1477.6536540952134,2240,0.9133928571428571,160.13795178571428,390.8514000000001,476.15729999999917,584.3410000000001,11144.061140625,18823.9406,20749.521999999997,30160.13237000007,35.95682210107726,49.562,53.982,58.168,0,0,2231,"STABLE",0
"pd-thresh16","100","0.5","weibull","777",5.496827674990321,1624.3765552888738,2105,0.9244655581947744,135.99559477434678,128.04739999999998,388.92279999999977,527.78764,10193.756665558194,17475.155,19206.7438,22808.935800000003,34.42680344610104,48.964,53.222,58.001,0,0,2104,"STABLE",0
"pd-thresh16","100","1","poisson","42",3.841063282098064,1274.554325542803,2660,0.5556390977443609,213.4924819548872,486.3666,526.5886999999998,598.9035399999999,14550.461253759398,24432.443699999996,28671.49729999999,66915.86588999964,43.63775566881442,61.359,64.138,70.4,0,0,2656,"STABLE",0
"pd-thresh16","100","1","poisson","123",4.566025721515414,1462.698943733134,2750,0.47745454545454546,219.20848,491.43309999999997,530.9827999999999,593.2415899999996,14543.392314181818,24359.4322,28994.136399999992,58139.71385999928,45.1711562270837,57.837,60.801,64.999,0,0,2747,"OVERLOADED",0.23825508176297636
"pd-thresh16","100","1","poisson","777",4.273889204214793,1405.4983191791523,2720,0.5386029411764706,217.30490477941177,486.72689999999994,529.6519499999998,600.9077,14491.315192647058,24373.058299999997,28208.274249999966,66922.16258999998,43.843690550600996,57.971,59.911,63.194,0,0,2718,"STABLE",0
"pd-thresh16","100","1","weibull","42",4.197445386240423,1429.3974846079643,2960,0.3016891891891892,244.68630168918918,511.2998,546.03545,617.1988799999996,17054.153166554053,28201.3163,34439.20244999997,90295.92645999993,49.831430597649046,66.495,70.169,74.438,0,0,2958,"OVERLOADED",0.2737454980303443
"pd-thresh16","100","1","weibull","123",4.7524180217061796,1509.704066261197,2630,0.6642585551330799,210.518372243346,480.4335,522.6847499999997,586.9725900000001,13597.506507984792,22667.372799999997,26370.3831,48548.447560000095,42.58029138830321,56.074,58.298,65.293,0,0,2627,"OVERLOADED",0.14534968200224038
"pd-thresh16","100","1","weibull","777",4.872410815699749,1470.1650317057495,2180,0.9059633027522935,147.187223853211,314.3286000000002,430.5812499999998,545.4837800000001,10601.964342201834,17810.1876,19815.509049999997,23937.31157,35.03894933320317,50.088,54.838,57.851,0,0,2171,"STABLE",0
"pd-thresh16","100","5","poisson","42",4.230827593596223,1443.8199448394998,3869,0.028306742151312403,344.36691507977355,584.5245,700.3629999999999,1104.1199000000006,27809.384108594957,49505.314999999995,73736.98074999999,173192.9663,79.26017325004007,101.259,104.33,107.842,10,0,3879,"OVERLOADED",0.4993480281259236
"pd-thresh16","100","5","poisson","123",4.015168041567479,1359.9902634596306,3814,0.02374119488651187,331.1011040960083,567.8138000000004,636.2345999999999,987.0936799999994,26328.513818418993,47041.8398,67043.93859999988,172232.6955199997,76.18307242876374,99.399,103.309,107.736,7,1,3821,"OVERLOADED",0.43101544544791953
"pd-thresh16","100","5","poisson","777",3.8974320974201837,1374.5755175708869,3731,0.039522546419098144,320.0144119363395,555.0822999999999,604.34695,888.28524,26194.649066047747,46269.334299999995,65147.71954999994,192120.01968999993,73.63032248545512,102.053,105.13,109.175,5,1,3736,"OVERLOADED",0.451503914620187
"pd-thresh16","100","5","weibull","42",4.2640290251385276,1480.3863551954332,3824,0.01327433628318584,343.60793597084853,579.7578,682.2081,1084.09059,28097.395826652784,48673.031299999995,73230.65709999995,163729.58048000012,78.96844151842471,100.228,103.93,107.916,9,0,3833,"OVERLOADED",0.4026196574729465
"pd-thresh16","100","5","weibull","123",3.9490318524269985,1334.0835970346193,3822,0.021863612701717855,332.5971166059344,567.4006,632.0931999999999,965.5610300000001,26800.480866736078,48494.41420000001,69455.43859999992,164950.1551300021,77.35281073634381,101.202,103.512,106.621,9,1,3831,"STABLE",0
"pd-thresh16","100","5","weibull","777",3.8558510793667726,1369.5765687346345,3761,0.056578947368421055,323.0041710526316,560.7655,611.4758,937.4669499999987,25987.439016315788,47269.377400000005,65164.03325,185135.62434999936,72.50630452397485,101.65,104.836,109.348,5,1,3766,"OVERLOADED",0.5423001794186283
"pd-thresh16","100","10","poisson","42",4.33477372821581,1501.2930367976574,3788,0.023103176686794433,333.35325466001575,567.9648,628.5702,969.4000800000001,27808.229877658177,48526.4858,68027.9172,168133.46500000003,78.85235669046897,102.209,104.964,108.414,7,0,3795,"STABLE",0
"pd-thresh16","100","10","poisson","123",4.051129658371789,1377.5671429138586,3740,0.0471523178807947,333.08463046357616,568.7782,629.7817999999999,959.2630199999998,26372.437829668877,47118.0672,66474.89349999995,168529.10885999998,76.55514067186161,101.606,104.988,109.378,6,2,3746,"STABLE",0
"pd-thresh16","100","10","poisson","777",3.7990868980892154,1306.565959278358,3788,0.013910761154855643,332.3589094488189,563.7266,613.8424999999999,927.3633199999988,27691.204405511813,47271.840599999996,66685.58439999992,192633.56385999903,77.93869564768875,97.374,101.564,108.056,12,0,3800,"OVERLOADED",0.3846423081310585
"pd-thresh16","100","10","weibull","42",4.24203820684634,1465.6002276983643,3716,0.01922563417890521,327.9234416555407,565.1268,621.5121999999992,950.00416,27403.639795727635,46881.7446,67507.89639999997,157991.38203999997,78.01038998516569,101.952,105.484,108.671,7,2,3723,"OVERLOADED",0.30475575276363753
"pd-thresh16","100","10","weibull","123",4.385494833233429,1488.018606043556,3841,0.017616580310880828,338.2835336787565,575.7950000000001,647.34835,976.7712299999997,27578.26059093264,49168.7525,72829.55034999998,169385.45402999996,79.76851725066722,99.961,102.691,106.425,7,0,3848,"STABLE",0
"pd-thresh16","100","10","weibull","777",3.994516850708666,1374.5059548209742,3779,0.017359284587059442,326.5879660704892,563.8054999999999,615.86025,912.2927299999998,27159.650651762233,46810.894700000004,67436.15049999999,175719.18227999995,76.13448624368333,97.6,101.202,107.481,13,0,3792,"OVERLOADED",0.4596953510902409
"pd-thresh16","100","20","poisson","42",4.211772685913134,1458.3046830367769,3557,0.06439078545656397,314.34266194837636,554.0108000000001,600.9491999999999,842.13342,25692.916848737164,45280.559,63110.58399999979,148995.08276000005,73.67156037689449,100.775,105.011,109.094,5,0,3562,"OVERLOADED",0.3580874285587378
"pd-thresh16","100","20","poisson","123",4.1268832268487134,1411.0048814187394,3722,0.01630144307856761,339.5562298236237,572.2603,635.3433,909.7771500000011,25714.942530464992,44537.2547,62381.13974999992,162281.05010000072,74.56921854181459,95.118,100.544,107.907,3,0,3725,"OVERLOADED",0.37100337474170825
"pd-thresh16","100","20","poisson","777",4.024738141609456,1398.4657326423862,3724,0.013354700854700854,333.93749919871794,569.4811000000001,630.7207,941.0119800000002,25993.084466346154,44825.59190000001,59536.067249999986,170038.63299000112,73.73526820487581,94.887,99.329,107.203,5,0,3729,"OVERLOADED",0.3003792175768057
"pd-thresh16","100","20","weibull","42",4.382668788094668,1523.6457003189826,3620,0.02162014230979748,346.03750574712643,570.3632,624.7339999999999,932.8719599999993,25863.210527367268,44675.63940000001,62121.381699999925,145107.691179999,73.54273475753098,95.398,100.181,108.199,5,0,3625,"OVERLOADED",0.3474087745743659
"pd-thresh16","100","20","weibull","123",3.9955742792593867,1354.1385959573045,3718,0.018721583311045734,335.34287697245253,565.3646,630.6949999999999,948.0933,26094.63064027815,45202.7646,64120.83289999999,157099.8537399996,75.9197655108298,94.433,100.043,108.946,5,0,3723,"STABLE",0
"pd-thresh16","100","20","weibull","777",3.9617794139318154,1346.2295830558562,3602,0.04140389361118728,313.0775264601042,548.4871999999999,595.0525,837.7615199999997,25543.203938853854,44009.436400000006,59836.7716,162305.96748000002,73.13571777153379,101.132,105.398,108.918,11,0,3613,"OVERLOADED",0.36894391353613126
"pd-thresh16","150","0.5","poisson","42",4.349955329913267,1388.9899270235292,2255,0.8634146341463415,153.9554,354.4070000000001,461.1851,559.7054000000002,11978.636161862529,19559.266200000005,21411.8837,31390.281020000086,37.42144073909991,52.529,54.648,55.872,0,0,2253,"STABLE",0
"pd-thresh16","150","0.5","poisson","123",4.905269867594906,1521.6084375293885,2345,0.8281449893390191,175.50001279317698,424.1682,496.2426,573.8516799999998,11839.304193176971,19784.882999999998,22186.261599999994,38963.74903999996,38.006354890762424,53.021,54.65,57.216,0,0,2337,"STABLE",0
"pd-thresh16","150","0.5","poisson","777",4.732596295035602,1453.6321856992465,2330,0.8154506437768241,175.5455618025751,431.99119999999994,504.56934999999993,602.08617,11570.805582832618,19940.687799999996,22119.407499999998,32343.63703000001,37.505833363473364,53.745,56.002,60.242,0,0,2321,"STABLE",0
"pd-thresh16","150","0.5","weibull","42",4.333169409565367,1398.9891515879362,2345,0.7987206823027718,177.43292025586354,423.32759999999996,495.88499999999993,575.77652,12654.77664904051,20597.768799999998,22851.23119999999,36869.64492,39.0483201250212,54.348,56.105,57.512,0,0,2340,"STABLE",0
"pd-thresh16","150","0.5","weibull","123",4.750713267105916,1467.147508130533,2240,0.8584821428571429,150.02537544642857,336.08270000000016,450.6796999999996,555.2159700000003,11238.435528125,19161.7493,21010.80379999999,31111.994620000034,36.29497483655581,53.204,55.651,56.664,0,0,2233,"STABLE",0
"pd-thresh16","150","0.5","weibull","777",5.52914107273012,1633.925540415162,2105,0.8997624703087886,139.55028836104512,130.683,383.4174,573.3129200000002,10314.766617577197,17699.361,19540.5262,23212.031920000005,34.826258857612025,51.062,54.544,57.829,0,0,2102,"STABLE",0
"pd-thresh16","150","1","poisson","42",3.954508837383851,1306.577195313661,2645,0.5833648393194707,204.05220604914933,475.53739999999993,520.7219999999995,594.0871999999999,14389.742664650284,23724.791,28149.757199999993,61764.58871999989,43.36446487303562,57.964,62.157,80.02,0,0,2642,"STABLE",0
"pd-thresh16","150","1","poisson","123",4.470026667656098,1429.7825664785757,2735,0.5085923217550274,222.24347495429618,491.96039999999994,531.6741,593.4863999999993,14417.828665082267,24466.1934,28181.670099999985,55872.22639999986,44.83515799431705,57.803,60.41,66.281,0,0,2734,"OVERLOADED",0.18679677623206067
"pd-thresh16","150","1","poisson","777",4.096550612458017,1342.9643879343653,2705,0.5785582255083179,218.58329796672828,488.24819999999994,535.3752,612.09812,14488.07892236599,24415.140199999994,28849.05299999998,66414.11084000004,43.96722330245343,59.318,62.824,70.733,0,0,2702,"STABLE",0
"pd-thresh16","150","1","weibull","42",4.4693141966716015,1521.320994556458,2930,0.33822525597269626,246.06182935153583,508.52729999999997,545.4413999999992,618.4071600000001,16962.232480546078,27942.6305,35310.38644999999,89467.21026000004,49.57809992960721,68.386,71.867,75.173,0,0,2928,"OVERLOADED",0.24733622937549457
"pd-thresh16","150","1","weibull","123",4.661977027393834,1480.973610260394,2630,0.5973384030418251,213.18265969581748,483.2004,527.2902999999998,596.43364,13697.233761977186,22867.4766,26699.25874999999,51830.30927000003,42.88885742828189,56.264,58.17,65.585,0,0,2627,"OVERLOADED",0.15167354132929362
"pd-thresh16","150","1","weibull","777",4.786301475201347,1444.1830391988606,2180,0.8738532110091743,152.21469174311926,345.8599000000001,454.0070499999998,559.0481700000001,10740.395355045872,18123.003,20224.648499999985,24704.54784,35.483845048101195,52.121,55.147,59.072,0,0,2172,"STABLE",0
"pd-thresh16","150","5","poisson","42",4.262716509765606,1463.778347497937,3875,0.028299459737586827,345.4756614355544,578.6578000000001,686.9236,1050.07132,27665.371404939542,49090.9676,72310.4383,170171.5897799997,78.69084063568152,99.475,102.796,105.913,8,0,3883,"STABLE",0
"pd-thresh16","150","5","poisson","123",4.068791840529614,1371.9990820562762,3619,0.08467631794591642,311.684978148047,552.794,591.636,803.2032000000006,24846.730019393606,46440.583,64098.382,153189.1074,72.53630843504205,102.252,106.174,108.936,7,1,3626,"OVERLOADED",0.372437023529493
"pd-thresh16","150","5","poisson","777",3.8327723628477006,1333.303222126034,3775,0.017082785808147174,326.5244023653088,559.2171999999999,606.3906,879.3616400000001,26582.158238107753,47102.7662,64665.278199999964,187108.83496000012,74.9080941974033,99.649,104.425,108.673,8,0,3783,"OVERLOADED",0.4860232790747054
"pd-thresh16","150","5","weibull","42",4.344507079656479,1506.2377425227778,3795,0.012823868097356713,340.8307301753468,573.522,647.39,1060.5152000000016,27646.293861554568,47911.019,70407.953,163433.8216000004,78.15377009807696,99.499,103.77,109.082,8,0,3803,"STABLE",0
"pd-thresh16","150","5","weibull","123",4.181336132391361,1412.933874985699,3787,0.023353450537916556,330.2182337969037,562.202,614.7125000000001,899.7671,26108.18291104697,46409.389,64282.124,170760.58900000044,75.80741201666281,98.512,103.641,107.597,7,0,3794,"STABLE",0
"pd-thresh16","150","5","weibull","777",3.7007902943398685,1306.9004944854578,3690,0.07140946777213159,321.4473508959615,558.5354000000001,605.875,931.6024199999986,25737.458257555496,45437.853800000004,64594.514299999966,187637.29085999995,71.9365775827305,101.742,105.68,109.127,7,3,3697,"OVERLOADED",0.561691704057757
"pd-thresh16","150","10","poisson","42",4.3412751411552,1483.6490778043994,3796,0.016238868517548456,338.5213748035621,572.9766000000001,632.1851999999998,1004.0330899999998,27654.146554478782,47248.37610000001,72531.41989999998,162821.38572999983,79.00252636599991,100.176,104.333,108.613,9,0,3805,"OVERLOADED",0.3838932820249231
"pd-thresh16","150","10","poisson","123",3.8713703524349734,1294.3479099867404,3658,0.03348636240885768,330.0776916014043,557.3404,609.8219,928.45602,25836.63288009722,46338.69320000001,62106.67649999999,157091.81480000002,75.70085780972188,102.143,105.266,108.659,9,1,3667,"OVERLOADED",0.34535087515244106
"pd-thresh16","150","10","poisson","777",3.8430944016967628,1336.86785517666,3785,0.012595119391235896,336.61209761217526,568.287,622.1825,950.6155000000005,27465.20965310942,47054.914,66894.7455,180930.59219999998,77.14419879516237,100.663,103.756,107.962,9,2,3794,"OVERLOADED",0.3850902103930925
"pd-thresh16","150","10","weibull","42",4.367055955825856,1503.413113201927,3693,0.014235831318828902,330.96336529680366,565.7561999999999,629.4414999999999,977.6270599999996,26812.79917888799,47404.48780000001,65591.48509999985,158333.25731999995,76.55601705178327,101.323,105.828,109.33799000000023,7,2,3700,"STABLE",0
"pd-thresh16","150","10","weibull","123",4.41510586890691,1486.4826042925804,3747,0.02382212811011117,333.54978639491793,563.9736,626.6707999999999,943.7121500000001,26674.351732133404,48570.82490000001,67162.13524999992,166606.25856000002,77.43669597558271,102.845,105.299,108.528,9,0,3756,"STABLE",0
"pd-thresh16","150","10","weibull","777",3.9623144999733433,1372.5216970827187,3790,0.012844036697247707,330.9127237221494,563.4015999999999,615.6672999999997,927.8497000000006,26794.64151140236,46311.109599999996,64128.87059999996,182248.77412000016,75.51249185855622,97.621,102.052,108.005,9,0,3799,"OVERLOADED",0.4348147859518798
"pd-thresh16","150","20","poisson","42",4.379149328202883,1522.9935464428227,3640,0.02617943823288792,329.73266430324514,566.3748,625.3098999999999,928.4896800000002,25878.36867139351,44826.5754,61293.540399999954,146946.92682000023,73.70076325408583,97.366,101.789,108.518,4,0,3644,"OVERLOADED",0.36736909411223606
"pd-thresh16","150","20","poisson","123",4.1097842012704575,1408.0288419846518,3675,0.02622330359556637,345.91067018113006,579.654,632.6579999999998,922.8284199999998,25398.61692565558,45135.048400000036,64590.08249999999,156792.18979999993,73.77403721776811,97.325,101.909,107.964,2,0,3677,"OVERLOADED",0.37212362023205053
"pd-thresh16","150","20","poisson","777",3.934021621016272,1368.1393026684589,3649,0.017419706042460535,330.68114044637997,569.5880999999999,626.5742999999999,897.8296799999999,24805.822100435493,43196.906700000014,58332.20979999999,153839.69241,70.7780385579531,93.715,100.761,108.721,3,0,3652,"OVERLOADED",0.32756482645748414
"pd-thresh16","150","20","weibull","42",4.442400409619136,1552.4886408306372,3665,0.021963123644251625,365.8842556941432,582.4587,671.9237499999987,942.7878500000005,25855.11231751627,43910.33640000001,64551.88404999996,149622.13335,73.80209141092044,93.671,99.151,108.804,1,0,3666,"OVERLOADED",0.30891547062494357
"pd-thresh16","150","20","weibull","123",4.403935363792265,1489.5348938309812,3695,0.018796992481203006,335.93595972073035,566.2131,623.9088,902.25363,25281.337796455424,44282.8532,63786.09824999998,139536.44647999993,74.27388741053788,97.524,103.913,108.751,3,3,3698,"OVERLOADED",0.2774074352593382
"pd-thresh16","150","20","weibull","777",4.132698422954833,1436.110444905028,3662,0.031935047361299054,320.8927196211096,551.8026,595.2776,836.4677999999996,25560.803701488498,44612.4914,61772.38319999987,176159.78453999994,72.98228135892964,98.121,103.463,108.92,4,4,3666,"OVERLOADED",0.31829890748468986
"pd-thresh16","200","0.5","poisson","42",4.3791936860408684,1398.3260647683678,2255,0.8425720620842572,154.01319379157428,353.3388000000001,461.65609999999975,558.7237,12021.879681596452,19618.5252,21497.841899999992,32505.410420000004,37.55677507272301,53.513,54.906,56.73,0,0,2251,"STABLE",0
"pd-thresh16","200","0.5","poisson","123",4.943396393230112,1533.4352370054905,2345,0.8319829424307036,181.07788486140726,439.4543999999999,502.22599999999943,570.8498,11908.945548827292,19954.332599999998,22121.880399999995,34519.23623999999,38.21758702251228,52.283,54.204,56.733,0,0,2339,"STABLE",0
"pd-thresh16","200","0.5","poisson","777",4.801126323629831,1474.6814045721846,2330,0.8420600858369098,177.8103227467811,431.8823,504.91624999999965,596.7622700000001,11526.516224034336,19869.008299999998,21977.241399999995,30817.960860000017,37.35303350870626,53.062,55.284,57.406,0,0,2322,"STABLE",0
"pd-thresh16","200","0.5","weibull","42",4.437507399827438,1432.6752835339676,2345,0.7138592750533049,184.1842541577825,439.60679999999996,500.38859999999954,584.36492,12684.928079744135,21044.9106,23603.7496,33800.87115999999,39.12138949085263,55.634,56.954,58.529,0,0,2337,"STABLE",0
"pd-thresh16","200","0.5","weibull","123",4.731158277797474,1461.1084036377292,2240,0.8700892857142857,150.421509375,335.97360000000003,453.20084999999995,553.7376300000001,11288.507104017857,19228.1253,20960.36159999999,30630.714580000073,36.4577385879118,52.324,55.465,56.322,0,0,2235,"STABLE",0
"pd-thresh16","200","0.5","weibull","777",5.518117480459015,1630.6679405959578,2105,0.8850356294536817,147.0352864608076,291.48840000000007,438.6016,559.84164,10340.929503087886,17699.294000000005,19601.0434,22826.167680000002,34.891630576484765,51.548,55.186,57.291,0,0,2102,"STABLE",0
"pd-thresh16","200","1","poisson","42",4.103149078649741,1355.6882120113542,2645,0.5251417769376181,204.46851379962192,476.9819999999999,521.5585999999998,593.17048,14510.532003024575,23727.694000000003,27520.975399999985,64258.23099999995,43.730747721711346,58.338,62.034,67.209,0,0,2644,"STABLE",0
"pd-thresh16","200","1","poisson","123",4.533415287757409,1450.0580481864984,2735,0.45923217550274226,227.97511407678246,495.6512,535.8466,599.0775399999998,14483.096242047532,24388.9634,28951.0602,55338.00991999987,45.02343569526719,58.179,60.567,63.56,0,0,2733,"OVERLOADED",0.18895948969460544
"pd-thresh16","200","1","poisson","777",4.237383546087114,1389.1333804367466,2705,0.5748613678373382,222.5080942698706,489.29239999999993,533.8308,609.1481600000001,14453.109153049907,24334.8806,28962.520199999984,67242.42376000005,43.849483043197935,58.906,62.749,66.265,0,0,2702,"STABLE",0
"pd-thresh16","200","1","weibull","42",4.418296424497427,1498.1468103156403,2900,0.3296551724137931,249.92601517241377,511.3629,550.1782999999999,625.8976599999985,16944.698562413792,28086.986699999998,34315.98109999999,83444.47426999985,49.70819937863745,68.153,72.059,76.847,0,0,2898,"OVERLOADED",0.22871597465407847
"pd-thresh16","200","1","weibull","123",4.63814790733415,1473.4037964760805,2630,0.6022813688212928,220.03451711026617,493.82439999999997,539.9124999999999,612.75217,13674.856036501902,22856.4323,26379.23055,49199.86133000001,42.79630235674388,56.532,59.611,62.472,0,0,2625,"OVERLOADED",0.13514871660716016
"pd-thresh16","200","1","weibull","777",4.864087803621353,1467.6537078911206,2180,0.8504587155963302,158.58183165137615,365.67810000000003,464.0583499999999,589.28376,10782.338189449541,18215.128800000002,20195.472399999995,23887.766850000007,35.6051687591615,53.712,55.541,59.039,0,0,2174,"STABLE",0
"pd-thresh16","200","5","poisson","42",4.412257983588331,1524.152326683951,3721,0.032223701731025296,333.0232503328895,563.7909999999999,620.0444999999999,1002.6589600000003,25765.44809454061,45859.606,64721.23749999996,158480.82914000016,74.00945521618293,98.887,105.537,109.24,4,5,3725,"STABLE",0
"pd-thresh16","200","5","poisson","123",4.126961424738012,1383.9680187125748,3765,0.014775725593667546,335.09173350923487,567.2223,629.8170999999996,939.2634700000013,26306.537675725594,47320.54589999999,66766.83664999995,166278.1845500001,76.27077731685229,99.463,103.464,108.337,10,2,3775,"OVERLOADED",0.4292085028361933
"pd-thresh16","200","5","poisson","777",3.8295984996149683,1320.0598462414466,3751,0.021882414974953864,328.3245462694437,562.5458000000001,615.4333999999998,900.5828799999994,25886.14894595307,45198.936000000016,63097.43259999996,177564.04051999963,74.24125972916875,96.244,103.489,109.173,6,1,3757,"OVERLOADED",0.3907698951805504
"pd-thresh16","200","5","weibull","42",4.294457572475688,1479.8347379726306,3694,0.0337530136619341,331.6567564961157,562.8675999999999,615.0103999999998,955.7879999999998,26569.221435842483,46796.2868,66845.76499999971,155909.58567999967,75.95033414957754,100.859,105.506,108.827,7,5,3701,"OVERLOADED",0.3116197691427496
"pd-thresh16","200","5","weibull","123",3.896870336835369,1332.253476394709,3699,0.02913659449345095,332.99484709970596,562.197,613.918,959.1551999999992,24861.289434108527,44701.455,62370.093,163429.50099999958,72.2545565763375,94.424,101.371,108.571,4,0,3703,"OVERLOADED",0.4084243296013523
"pd-thresh16","200","5","weibull","777",3.789704542049069,1320.592904631285,3722,0.06510762689343609,330.2609006112145,566.1088000000001,620.4559999999998,897.7043000000004,25717.642246080253,45868.88960000001,64961.84249999999,191008.82682000022,71.97755800763642,98.567,103.145,108.321,10,5,3732,"OVERLOADED",0.591101848734243
"pd-thresh16","200","10","poisson","42",4.2748702433076415,1501.3272680890632,3701,0.030230069555912252,334.11792589620114,565.8269,615.4181499999999,1007.0113600000002,26994.177380149813,47650.5846,67249.1483499999,168069.48264000003,76.34945652750902,102.555,106.305,109.622,4,8,3705,"OVERLOADED",0.384627823222465
"pd-thresh16","200","10","poisson","123",4.019184907839168,1369.9345404134096,3685,0.03356605800214823,339.0574210526316,564.451,617.7712,902.8331999999999,26023.676656820622,46009.494000000006,64003.1087,168812.16565,75.38753140154095,97.285,103.228,109.011,6,0,3691,"OVERLOADED",0.34529419469116573
"pd-thresh16","200","10","poisson","777",4.020885613750117,1373.1673254740922,3688,0.015277405521307961,331.6460120611097,557.314,607.8040000000001,840.8845999999971,27039.732823639777,46338.586,63994.5375,177267.01839999962,76.70459710972163,102.418,105.731,108.714,13,0,3701,"OVERLOADED",0.36423905691895336
"pd-thresh16","200","10","weibull","42",4.436053156552071,1543.0445398459688,3817,0.011446409989594173,351.5032174817898,582.6143000000001,682.837,1065.55647,28094.046438865767,49122.806000000004,71886.55879999997,167019.10278000028,79.64955219031721,102.44,104.928,108.977,6,3,3823,"OVERLOADED",0.3231070230130383
"pd-thresh16","200","10","weibull","123",4.480595244467376,1503.4252739847698,3827,0.017142857142857144,350.22852805194805,583.3583,660.46335,1019.7020799999999,27637.52522155844,47749.18729999998,72499.80399999995,167519.62594999987,80.18954362292918,100.26760000000056,103.5,108.057,10,1,3837,"STABLE",0
"pd-thresh16","200","10","weibull","777",3.8726273147311816,1372.871462148176,3706,0.0216,331.0193402666667,565.5526,619.6657999999999,899.5646599999965,25672.257068799998,45453.0824,63301.93884999995,177823.51178999984,72.50468992324984,101.08,106.304,109.383,2,1,3708,"OVERLOADED",0.39136471589278227
"pd-thresh16","200","20","poisson","42",4.276700394407963,1470.4239992703285,3597,0.050978230917608156,331.67846403968036,566.0151999999999,618.476,862.0563199999993,26119.644514466796,45725.70020000001,62493.754199999996,153098.32875999997,74.13570367949553,100.129,103.455,109.508,9,3,3606,"OVERLOADED",0.36486529801003803
"pd-thresh16","200","20","poisson","123",4.1987050060498134,1426.5273297726885,3579,0.05587828492392808,350.80374633471644,580.355,634.1365999999998,840.6337400000001,25470.075874135546,45868.20419999999,63469.27329999994,153569.87960000025,73.34766461838946,102.628,106.008,109.086,8,2,3587,"OVERLOADED",0.3291984555399215
"pd-thresh16","200","20","poisson","777",3.9615579210944127,1378.645629278336,3713,0.027859630324136082,346.58284141441203,581.4304000000001,646.0751999999999,905.9099999999995,25466.254017412266,43721.232800000005,60761.899799999934,161362.77047999974,72.50994910872353,96.247,100.757,108.821,3,1,3716,"OVERLOADED",0.3207682459439256
"pd-thresh16","200","20","weibull","42",4.364875376964105,1520.0011143298373,3630,0.02516411378555799,373.73627735229763,603.054,688.71475,957.9817999999998,25713.414171225384,43965.1235,62241.3865,143100.72764999996,73.2149333918833,94.665,100.005,108.177,3,0,3633,"OVERLOADED",0.31779573713946824
"pd-thresh16","200","20","weibull","123",4.3201485789670295,1458.1489644047924,3563,0.04968082153760755,330.7254068831529,548.2062,587.1091,721.25296,24114.680336386344,43277.1748,57088.41819999995,146415.71766,71.15046351261977,101.48,106.109,109.12,3,0,3566,"STABLE",0
"pd-thresh16","200","20","weibull","777",3.847552371686388,1318.135990837687,3690,0.03742595584275713,328.8989773828756,556.9424000000001,605.2529999999999,833.0151199999998,26075.2569178783,45436.550200000005,61723.124399999986,185815.29575999948,74.1550317675153,99.258,103.278,108.292,9,2,3699,"OVERLOADED",0.4071489338206664
"pd-pd5","50","0.5","poisson","42",4.370688788209925,1408.9770443557604,2300,0.8765217391304347,163.63201217391304,401.57769999999994,483.55095,578.7571799999993,11889.919600869564,19502.638199999998,21890.11374999999,35507.70428,36.761796466211194,51.539,54.614,57.377,0,0,2300,"STABLE",0
"pd-pd5","50","0.5","poisson","123",4.911726796844735,1524.084767623549,2450,0.8726530612244898,180.34138408163267,442.46829999999994,500.8982499999998,565.8068699999995,12033.484384897958,20341.0666,23236.48724999999,38629.14918999986,38.61364212633599,50.921,53.097,58.682,0,0,2450,"STABLE",0
"pd-pd5","50","0.5","poisson","777",4.830110074892412,1493.7007269812063,2345,0.8959488272921109,167.1752695095949,410.57359999999994,484.0887999999999,582.8958799999998,11199.343691684435,19252.6004,21403.037399999997,33653.25588,36.070530936955706,50.315,51.935,57.077,0,0,2345,"STABLE",0
"pd-pd5","50","0.5","weibull","42",4.020195965474421,1302.7393921933858,2360,0.8372881355932204,172.7904224576271,425.37879999999996,497.44244999999995,587.2556099999999,12473.86091101695,20652.385199999997,22758.244049999994,39326.22753999994,38.35710470687767,52.432,55.289,60.854,0,0,2360,"STABLE",0
"pd-pd5","50","0.5","weibull","123",4.901605280778319,1531.7579613229852,2330,0.9261802575107296,166.0115339055794,407.15379999999993,487.9872,564.1422100000001,11378.488963519312,18889.322099999998,21547.53855,34394.95770000001,36.27336359152271,49.363,51.426,53.202,0,0,2330,"STABLE",0
"pd-pd5","50","0.5","weibull","777",5.502718593940744,1626.1173904028635,2105,0.9762470308788599,129.6303624703088,125.20660000000001,342.2623999999999,517.9195600000002,9793.06688456057,16572.2064,18313.0218,21647.28612,33.08265226382255,45.03,49.079,52.641,0,0,2105,"STABLE",0
"pd-pd5","50","1","poisson","42",4.33321761624378,1434.721980359468,2720,0.580514705882353,214.52820845588235,488.23119999999994,527.31715,595.6411999999999,14494.112683455882,24295.0911,28065.66584999999,70175.75300999983,43.5629421641043,60.056,63.162,65.534,0,0,2720,"OVERLOADED",0.18058969687123014
"pd-pd5","50","1","poisson","123",4.374059125872583,1423.8652077985048,2810,0.4935943060498221,223.66436512455516,493.6798,537.7547999999999,592.8106799999998,15022.03107544484,26031.9224,31423.453299999976,61797.85853999995,45.9178690261702,62.147,65.641,73.462,0,0,2810,"OVERLOADED",0.3424951072126179
"pd-pd5","50","1","poisson","777",4.13420220290676,1357.1957196745313,2795,0.5745974955277281,222.17334454382825,489.0596,532.3132999999997,601.9244399999999,14428.443256887298,24839.676,29472.920099999974,72345.16264,43.716026227615735,58.304,61.19,64.733,0,0,2795,"STABLE",0
"pd-pd5","50","1","weibull","42",4.3777338621813655,1491.621489951109,3020,0.3827814569536424,248.86041721854303,513.7341,551.8527499999999,606.50421,17641.612998344368,30146.3501,39454.04824999997,94389.45190999999,51.52931949488392,72.244,77.332,84.202,0,0,3020,"OVERLOADED",0.3310088927326424
"pd-pd5","50","1","weibull","123",4.75105961455459,1509.272540079993,2630,0.6870722433460076,204.4444307984791,474.08799999999997,518.1305499999999,576.69578,13247.64218973384,22256.2187,26410.14595,49640.14597,41.492721745008666,54.264,56.007,59.119,0,0,2630,"OVERLOADED",0.18420837484055008
"pd-pd5","50","1","weibull","777",4.545039294137218,1377.6960126808324,2210,0.948868778280543,148.40997647058825,334.52450000000005,442.69095,550.7572499999995,10410.759992760182,17479.9481,19405.915049999996,24113.102799999997,34.24170970978917,47.572,50.901,54.28,0,0,2210,"STABLE",0
"pd-pd5","50","5","poisson","42",4.279899837417403,1467.8896669431265,3801,0.03316792896317576,330.77531418124835,567.3412,628.9464,1008.5663199999996,26935.59017054061,47762.721000000034,70265.1112,168066.4175199998,77.20370694755273,99.86,103.497,108.36,7,3,3808,"STABLE",0
"pd-pd5","50","5","poisson","123",4.040415712868425,1365.561412510289,3751,0.03623380058185665,324.4327984660143,561.833,624.755,979.1455999999991,25401.464015339858,46294.827,65278.85,157735.78759999978,74.03695307180803,98.656,102.921,108.72,6,2,3757,"OVERLOADED",0.4265591916621023
"pd-pd5","50","5","poisson","777",3.8424404272302666,1335.5412737279603,3715,0.044580886278697274,314.0477175654031,550.7705,597.7239999999999,870.7760500000005,25619.28071489589,44529.2745,61940.9725,169938.74735000046,72.66032337240812,94.213,101.979,108.619,6,0,3721,"OVERLOADED",0.3776116948590064
"pd-pd5","50","5","weibull","42",4.3784602725642285,1519.231705770929,3726,0.043941411451398134,319.58795286284953,556.3679999999999,600.694,883.0620400000001,26863.375215978693,47001.559199999996,68141.98469999991,161714.95796000003,76.60354102889113,99.564,103.172,108.315,5,0,3731,"STABLE",0
"pd-pd5","50","5","weibull","123",4.0066936918422655,1364.3308979073684,3759,0.04407495381367115,320.90316415940885,557.6364000000001,603.9438,891.4923199999997,26093.524039852204,46869.410400000015,67948.68739999997,165555.90875999955,75.52883692973596,98.657,103.964,108.519,6,3,3764,"STABLE",0
"pd-pd5","50","5","weibull","777",3.8509967922316606,1353.1890203309324,3817,0.08289885297184567,323.12075495307613,558.298,606.8779999999999,923.64905,25997.51254066736,46625.7485,66121.17225,187368.8346500004,72.94474004916908,99.949,103.662,108.428,5,1,3821,"OVERLOADED",0.5554357029019553
"pd-pd5","50","10","poisson","42",4.310956747030233,1458.022491404406,3696,0.05357621216180016,317.56362871684973,552.0442,595.0843999999992,891.3592799999973,26169.098816233593,47222.959,62480.142799999994,145774.2013999999,76.43609535038594,104.846,107.501,109.765,6,1,3672,"STABLE",0
"pd-pd5","50","10","poisson","123",3.983996422410081,1339.4206768880965,3690,0.0305793991416309,315.4679849785408,550.0266,592.4519499999999,844.5536500000003,25399.93003245708,45806.74040000001,61956.789799999955,156597.89608000003,74.8454917741204,101.132,105.027,108.552,5,0,3689,"OVERLOADED",0.30412425972528967
"pd-pd5","50","10","poisson","777",3.958322275226703,1368.4752675331843,3832,0.012976901116013496,331.85667661562417,566.0882,622.8113999999999,949.36036,27921.904322689512,48019.4063,68133.35669999996,183951.81593999968,78.63241543985448,99.36,102.625,107.312,11,0,3693,"OVERLOADED",0.3814226467458995
"pd-pd5","50","10","weibull","42",4.3947057256778495,1522.7531727338414,3733,0.01860217911241031,320.97326840287,559.8504,606.4145,911.5009400000002,27680.95597103375,48549.57820000001,68290.95229999998,164759.80724000002,78.62299495945311,104.449,108.028,111.247,7,0,3448,"OVERLOADED",0.267482398357972
"pd-pd5","50","10","weibull","123",4.086967984764666,1401.0483874856038,3817,0.019776216497527973,331.69185141816286,563.5856000000001,632.6272,960.0593599999999,26889.686877959924,47619.291600000004,68387.31529999993,166199.7965799999,77.74824584956971,99.48,103.672,109.417,4,2,3682,"STABLE",0
"pd-pd5","50","10","weibull","777",3.8682587564505813,1354.857890603902,3703,0.06666666666666667,312.72426479250333,549.0812,591.1362,849.1908199999995,26183.5562896921,46648.949,63054.464799999936,190742.88079999952,73.51653350066071,103.215,106.577,109.303,7,2,3700,"OVERLOADED",0.45749080946288584
"pd-pd5","50","20","poisson","42",4.345080592163334,1496.9314763173577,3818,0.014337851929092805,336.541543274244,577.3109999999999,679.17025,1043.9618,28152.722352971843,48737.6745,68613.2995,167547.7393500001,80.17624009094735,102.943,106.426,110.096,7,0,3407,"OVERLOADED",0.32868322107158787
"pd-pd5","50","20","poisson","123",4.127100703174147,1385.5957654319573,3703,0.021669341894060994,322.75165302300695,565.0174000000001,626.3033499999992,913.8920900000003,26030.337488092053,46085.144000000015,63481.284199999965,146649.08811999988,76.66590810554824,102.3,106.593,112.898,6,5,3286,"STABLE",0.0002675227394328683
"pd-pd5","50","20","poisson","777",3.876066639078736,1335.6518284236035,3749,0.02087737843551797,326.9551849894292,564.0350000000001,617.1433499999999,914.00001,27457.113919597992,47860.97,65560.595,184139.85759999877,78.1775949576009,102.521,107.085,114.038,11,1,3360,"OVERLOADED",0.28359768504216487
"pd-pd5","50","20","weibull","42",4.328432315639029,1493.1435113048587,3763,0.01476403901924598,338.80792222515163,573.9156,657.1885999999997,1039.7815999999996,28284.543659810126,49355.3894,71794.14874999998,158192.6437900001,80.43243506669097,100.495,105.893,114.85,9,1,3338,"OVERLOADED",0.288510684527276
"pd-pd5","50","20","weibull","123",4.008151007454181,1352.770145393864,3657,0.029769959404600813,317.00444248985116,554.5822000000001,606.3838,898.5426399999997,26425.556513396485,46923.11519999999,63232.38459999988,141327.49555999998,77.30825815904137,103.472,107.93,117.244,6,2,3235,"STABLE",0
"pd-pd5","50","20","weibull","777",3.891039300684482,1333.856812836471,3827,0.011443433029908972,333.3075349804941,569.5233999999999,622.3261999999999,940.2268399999998,28033.37548152004,48309.5655,67474.1455999999,188734.13456000003,79.26465904530086,101.695,104.742,112.329,14,0,3487,"OVERLOADED",0.38010406538138064
"pd-pd5","100","0.5","poisson","42",4.314166525476049,1391.6500551116364,2285,0.8516411378555798,158.31001881838074,381.8275999999999,473.78679999999997,575.70744,12174.68559868709,19873.7574,21814.3916,34110.44935999998,37.641379572484055,53.024,54.746,60.142,0,0,2285,"STABLE",0
"pd-pd5","100","0.5","poisson","123",4.632704707034552,1433.631922107642,2375,0.8475789473684211,174.69059242105263,426.9358,504.1472999999999,570.8433199999996,11864.148851368422,20091.0226,22565.687999999962,35429.38587999991,38.18408655591804,52.994,54.202,56.292,0,0,2375,"STABLE",0
"pd-pd5","100","0.5","poisson","777",4.647275165744969,1427.4255261988003,2330,0.8952789699570816,168.16865450643778,408.7248999999997,483.23164999999983,578.27458,11429.288750643776,19651.928,21707.540049999992,30504.253900000036,37.066352035573644,50.638,52.224,56.38,0,0,2330,"STABLE",0
"pd-pd5","100","0.5","weibull","42",4.286140212901413,1383.805499687429,2345,0.8115138592750533,173.41329040511727,425.54699999999997,493.31719999999973,590.8322399999996,12623.11160511727,20619.940599999994,23054.330399999988,35887.380719999994,38.96080680408929,54.107,55.751,57.444,0,0,2345,"STABLE",0
"pd-pd5","100","0.5","weibull","123",4.850321188485633,1497.9091023219123,2240,0.909375,160.316640625,390.1051,477.95564999999993,582.5347700000001,11172.928374107143,18939.954700000002,20631.10515,29625.704130000013,36.052728552119405,50.56,53.982,58.168,0,0,2240,"STABLE",0
"pd-pd5","100","0.5","weibull","777",5.507417975283467,1627.5061122855254,2105,0.9244655581947744,136.07894679334916,129.092,389.63319999999993,527.78764,10229.133297862234,17473.9742,19330.480799999998,22734.86776,34.54763101039283,48.964,53.222,58.001,0,0,2105,"STABLE",0
"pd-pd5","100","1","poisson","42",4.0363522931377,1339.3557712548838,2660,0.5845864661654135,213.43665639097745,486.5314,529.269,600.83086,14509.826010526316,23922.0209,27783.34794999999,69520.27951999997,43.51628630098069,58.135,62.651,68.876,0,0,2660,"STABLE",0
"pd-pd5","100","1","poisson","123",4.464956914732566,1430.3221578930893,2750,0.5203636363636364,219.18028836363635,490.10579999999993,530.9615,594.3647199999983,14476.451885454544,24809.731499999998,28923.80819999999,54746.3834699995,44.96133543878588,59.43,61.759,69.346,0,0,2750,"OVERLOADED",0.24335548574690768
"pd-pd5","100","1","poisson","777",4.2135168561168665,1385.6444507885412,2720,0.5731617647058823,217.44770588235295,488.37739999999997,530.6918499999999,602.5591,14493.639188235295,24087.0519,29177.9672,65691.53556999998,43.850154599106716,57.806,60.675,72.124,0,0,2720,"STABLE",0
"pd-pd5","100","1","weibull","42",4.084919097777057,1391.0777975409048,2960,0.3652027027027027,244.75345405405406,511.01599999999996,549.5817499999998,614.0813699999999,17081.04852297297,28928.274999999998,36576.94159999996,86866.17431999996,49.91125822705211,68.023,74.312,79.21,0,0,2960,"OVERLOADED",0.27140654664025543
"pd-pd5","100","1","weibull","123",4.742643010644643,1506.5988314354836,2630,0.644106463878327,210.56936463878327,480.4849,524.7618999999999,580.40656,13614.883633840303,22833.011599999998,26849.59309999999,48776.488780000036,42.6363960597663,56.642,59.803,69.298,0,0,2630,"OVERLOADED",0.16193859268014932
"pd-pd5","100","1","weibull","777",4.82825208563713,1456.8409046486856,2180,0.9055045871559633,147.42481055045872,314.43480000000017,429.01319999999964,548.6643,10623.8999,17881.278800000004,19841.69289999999,23902.26299,35.11326866199815,50.177,54.838,57.851,0,0,2180,"STABLE",0
"pd-pd5","100","5","poisson","42",4.230827593596223,1443.8199448394998,3869,0.028306742151312403,344.36691507977355,584.5245,700.3629999999999,1104.1199000000006,27809.384108594957,49505.314999999995,73736.98074999999,173192.9663,79.26017325004007,101.259,104.33,107.842,10,0,3879,"OVERLOADED",0.4993480281259236
"pd-pd5","100","5","poisson","123",4.015168041567479,1359.9902634596306,3814,0.02374119488651187,331.1011040960083,567.8138000000004,636.2345999999999,987.0936799999994,26328.513818418993,47041.8398,67043.93859999988,172232.6955199997,76.18307242876374,99.399,103.309,107.736,7,1,3821,"OVERLOADED",0.43101544544791953
"pd-pd5","100","5","poisson","777",3.8974320974201837,1374.5755175708869,3731,0.039522546419098144,320.0144119363395,555.0822999999999,604.34695,888.28524,26194.649066047747,46269.334299999995,65147.71954999994,192120.01968999993,73.63032248545512,102.053,105.13,109.175,5,1,3736,"OVERLOADED",0.451503914620187
"pd-pd5","100","5","weibull","42",4.2640290251385276,1480.3863551954332,3824,0.01327433628318584,343.60793597084853,579.7578,682.2081,1084.09059,28097.395826652784,48673.031299999995,73230.65709999995,163729.58048000012,78.96844151842471,100.228,103.93,107.916,9,0,3833,"OVERLOADED",0.4026196574729465
"pd-pd5","100","5","weibull","123",4.346136373472324,1478.5505579107905,3797,0.032198952879581154,329.90330209424087,567.6774,638.1760999999998,977.79266,25820.45256020942,46876.8791,67012.35589999995,170132.61098999967,74.88697666347294,100.268,103.766,108.273,5,1,3798,"OVERLOADED",0.41976105575627404
"pd-pd5","100","5","weibull","777",3.70815824933778,1333.9408953382413,3760,0.0619072708113804,325.08480900948365,564.769,610.8042499999999,920.2453500000008,25957.418912539517,45764.793,67196.35875,185731.29955000157,71.88198089677721,94.981,100.303,108.923,3,2,3760,"OVERLOADED",0.6029609729075226
"pd-pd5","100","10","poisson","42",4.356378523676047,1507.1340112356372,3627,0.0390985609557426,317.37759109421665,556.1174,600.7857999999997,896.5587599999992,25479.698459679606,44308.80200000001,61895.18739999999,157379.481199999,73.53093038361662,99.067,105.008,109.487,4,3,3621,"OVERLOADED",0.32749018970624655
"pd-pd5","100","10","poisson","123",4.187044510319658,1405.0362195831901,3709,0.04971932638331997,325.81962817428496,558.65,611.098,895.645599999999,26673.454411654635,47524.643,65568.021,167144.26919999998,77.4595705284263,103.064,106.411,110.034,10,1,3711,"STABLE",0
"pd-pd5","100","10","poisson","777",3.8286296179375263,1319.9423443618684,3694,0.03429796355841372,319.59669480171493,553.8575999999999,601.33565,854.7042300000006,27481.95532931404,46449.10860000001,68225.8849499999,207091.26023000007,77.21082721284829,102.56,105.87,108.408,13,2,3683,"OVERLOADED",0.38443034281081007
"pd-pd5","100","10","weibull","42",4.2012175619851355,1451.8756670233684,3574,0.08303546879296123,312.0358869947759,554.9172,605.1782,907.2382799999993,26840.787888369534,47787.46600000001,65755.1187999999,164791.53603999972,76.8087535826949,104.964,107.867,113.245,8,8,3359,"OVERLOADED",0.23425747160034197
"pd-pd5","100","10","weibull","123",4.428620228589626,1469.9535294875402,3661,0.03780718336483932,317.7898069133135,555.7584,603.1952,888.7517400000002,25989.398513776337,46592.604400000004,62549.856799999965,154044.24492999903,76.65654368499294,101.41,105.968,109.652,10,9,3565,"OVERLOADED",0.2623667544361935
"pd-pd5","100","10","weibull","777",3.9265180033839284,1379.3265242635018,3731,0.022558386411889595,321.4067563694267,558.5424,602.8300499999998,938.8729899999998,25789.410488057325,45222.00880000001,62904.85174999992,181276.29745,72.93579615246004,100.135,105.238,109.535,4,2,3719,"OVERLOADED",0.411030134406369
"pd-pd5","100","20","poisson","42",4.45005071553456,1508.5624356974658,3742,0.020159151193633953,328.1778824933687,563.3769,623.2785999999999,977.8848399999998,27006.74465039788,46816.90499999999,65869.52249999999,153485.63154,78.74406456397574,106.18,108.93,117.18,5,0,3298,"STABLE",0
"pd-pd5","100","20","poisson","123",4.121795166929471,1373.0063683494022,3703,0.026477667825621824,331.5070823749666,563.8212,631.5636999999999,935.4511999999988,26998.2108282504,48272.2817,64784.665099999984,160108.45784000072,79.02749776833451,103.476,107.433,118.993,11,0,3231,"OVERLOADED",0.2690151008154524
"pd-pd5","100","20","poisson","777",3.8928458738220417,1355.1015894822704,3811,0.008602711157455683,337.8422632950991,576.5865,646.4875000000001,929.3671500000005,27646.51387372815,47866.0622,66515.4401999999,187385.6669599999,78.62550209101904,102.243,107.092,116.497,7,0,3339,"OVERLOADED",0.29738304709438346
"pd-pd5","100","20","weibull","42",4.374817600347788,1521.8180475887566,3848,0.012154124644427205,351.95818334626324,590.2894000000001,685.8830999999998,1035.3034000000002,28916.958456167573,49645.67900000001,72343.09719999997,167041.79082000026,81.81072700402784,100.692,104.6,120.762,6,7,3411,"STABLE",0
"pd-pd5","100","20","weibull","123",3.9844681109131503,1356.8174005505298,3815,0.02186930486852382,335.3863413173653,575.587,642.285,971.6689999999994,27335.47293569383,47413.829,67274.386,168333.11719999992,79.32014377044902,103.145,107.72,118.034,5,0,3410,"STABLE",0
"pd-pd5","100","20","weibull","777",3.8688609044299334,1340.588661527727,3820,0.019260801665799063,331.08575325351376,566.0621000000001,626.29765,937.008030000001,27620.84442875749,48660.57480000001,68716.33359999995,187643.07166,78.68221280338952,103.919,106.693,113.645,8,0,3694,"OVERLOADED",0.32356284234698807
"pd-pd5","150","0.5","poisson","42",4.334504636942535,1384.0563460383864,2255,0.8567627494456763,154.00888824833703,355.0166000000001,463.6742,563.8974600000001,12005.799132150776,19933.116400000003,21652.292699999998,28930.896340000014,37.50697359541483,53.313,54.434,55.39,0,0,2255,"STABLE",0
"pd-pd5","150","0.5","poisson","123",4.88316236493415,1514.7507184865415,2345,0.8051172707889126,175.63858081023454,422.2228,494.99739999999974,575.12156,11914.678510021322,20045.243999999995,22741.166999999994,34575.090399999994,38.251637286555386,53.579,54.936,57.715,0,0,2345,"STABLE",0
"pd-pd5","150","0.5","poisson","777",4.76975004053264,1465.044078222263,2330,0.8643776824034335,175.41243519313304,429.69759999999985,506.80079999999975,603.0111499999999,11517.57281802575,19678.6657,21765.232849999993,30563.105640000005,37.33331162409913,51.472,53.954,56.295,0,0,2330,"STABLE",0
"pd-pd5","150","0.5","weibull","42",4.4264957372600655,1429.1201037067735,2345,0.7991471215351812,177.68457526652452,426.12899999999996,497.1591999999997,577.7892799999997,12714.880470788912,20746.1138,22822.203199999985,37043.308679999885,39.234753423641145,54.453,56.156,57.964,0,0,2345,"STABLE",0
"pd-pd5","150","0.5","weibull","123",4.748869750449121,1466.578180807004,2240,0.8816964285714286,150.2237299107143,335.8045,453.96054999999996,552.9655600000002,11250.629301339286,19205.494400000003,20936.138249999996,30391.133070000044,36.335332183277934,51.556,55.366,56.366,0,0,2240,"STABLE",0
"pd-pd5","150","0.5","weibull","777",5.4818542317510985,1619.9517285364534,2105,0.8997624703087886,139.6461078384798,131.1456,383.3562,573.3129200000002,10315.906471258906,17650.889,19391.257999999998,23206.815280000003,34.83021093738658,51.062,54.544,57.829,0,0,2105,"STABLE",0
"pd-pd5","150","1","poisson","42",4.056574574842343,1340.2999079108492,2645,0.5633270321361059,204.34495576559544,477.1,520.1055999999999,592.82496,14485.711819659737,23734.8294,27296.663799999984,65957.96455999995,43.655486322233806,58.67,62.45,70.327,0,0,2645,"STABLE",0
"pd-pd5","150","1","poisson","123",4.501574933185888,1439.873593537433,2735,0.5455210237659963,222.10561096892138,488.6027999999999,535.1467,593.8855599999995,14463.519565265082,24469.8178,29264.677499999994,57878.33803999964,44.977949932460476,59.961,63.75,74.706,0,0,2735,"OVERLOADED",0.19794447872165086
"pd-pd5","150","1","poisson","777",4.196930804517595,1375.8718351852458,2705,0.5608133086876155,218.79049944547137,490.17499999999995,534.9759999999999,604.66908,14429.674572273567,24109.878599999996,28612.675799999997,65266.55440000012,43.78707851980047,58.573,61.883,66.123,0,0,2705,"STABLE",0
"pd-pd5","150","1","weibull","42",4.519360476003601,1538.3563722669596,2930,0.34675767918088735,246.4935423208191,508.7096,545.1667500000001,623.0339200000001,17000.01136552901,29035.267699999997,35465.04234999996,93139.04576000004,49.68911534361739,71.017,78.043,81.69,0,0,2930,"OVERLOADED",0.2520761249145581
"pd-pd5","150","1","weibull","123",4.779712527261422,1518.374731559395,2630,0.635361216730038,212.89220874524716,482.9111,526.6586,591.14331,13704.158589733841,23145.841499999995,27541.539649999984,52467.67306000003,42.91082971240713,57.346,59.945,73.304,0,0,2630,"OVERLOADED",0.14546300244394172
"pd-pd5","150","1","weibull","777",4.847768041895514,1462.7295042632595,2180,0.8706422018348624,152.5022623853211,345.82790000000006,454.9526,558.9303600000001,10760.042527981652,18289.730000000003,20308.792599999986,24036.864050000026,35.5498392930413,52.167,55.147,59.072,0,0,2180,"STABLE",0
"pd-pd5","150","5","poisson","42",4.262716509765606,1463.778347497937,3875,0.028299459737586827,345.4756614355544,578.6578000000001,686.9236,1050.07132,27665.371404939542,49090.9676,72310.4383,170171.5897799997,78.69084063568152,99.475,102.796,105.913,8,0,3883,"STABLE",0
"pd-pd5","150","5","poisson","123",4.068791840529614,1371.9990820562762,3619,0.08467631794591642,311.684978148047,552.794,591.636,803.2032000000006,24846.730019393606,46440.583,64098.382,153189.1074,72.53630843504205,102.252,106.174,108.936,7,1,3626,"OVERLOADED",0.372437023529493
"pd-pd5","150","5","poisson","777",3.8327723628477006,1333.303222126034,3775,0.017082785808147174,326.5244023653088,559.2171999999999,606.3906,879.3616400000001,26582.158238107753,47102.7662,64665.278199999964,187108.83496000012,74.9080941974033,99.649,104.425,108.673,8,0,3783,"OVERLOADED",0.4860232790747054
"pd-pd5","150","5","weibull","42",4.344507079656479,1506.2377425227778,3795,0.012823868097356713,340.8307301753468,573.522,647.39,1060.5152000000016,27646.293861554568,47911.019,70407.953,163433.8216000004,78.15377009807696,99.499,103.77,109.082,8,0,3803,"STABLE",0
"pd-pd5","150","5","weibull","123",4.364057991779991,1468.0688767968913,3768,0.024775962045334738,336.86170189773327,569.1004,633.17365,1013.0508400000004,26454.057723247235,48320.5316,67280.65369999998,158866.5399100004,76.49628227066745,101.774,105.213,108.8,10,0,3775,"STABLE",0
"pd-pd5","150","5","weibull","777",3.757501045730711,1311.4371322782538,3743,0.06345848757271286,326.34192437863567,561.5500000000001,619.9516999999997,919.9248500000001,25897.66140613432,45653.7062,65699.79469999997,192471.24099000005,72.59920710975386,98.932,103.495,108.459,9,2,3749,"OVERLOADED",0.608816034814079
"pd-pd5","150","10","poisson","42",4.475393424605103,1528.4027969204499,3760,0.030895167678901506,334.11144599947187,567.1068,624.0503,1006.5333599999983,27310.843620808027,47285.2986,69102.77349999997,155936.2305599999,78.61096981239949,101.093,105.064,109.561,7,0,3757,"STABLE",0
"pd-pd5","150","10","poisson","123",4.085309480117685,1391.7795590695,3780,0.017336485421591805,336.6575760441292,564.4798,621.8963,946.5496,26247.530644339375,47258.0444,65380.88509999989,161668.64628000004,76.32883047024619,101.219,106.239,109.902,4,1,3773,"STABLE",0
"pd-pd5","150","10","poisson","777",3.937902872308528,1358.1822867965868,3806,0.007575757575757576,335.8936473354232,569.8628,625.0097999999998,918.56657,27548.309466422786,46904.311,66669.85800000001,195793.20659999986,77.72372636897262,100.321,104.086,107.678,11,1,3793,"OVERLOADED",0.357514100493844
"pd-pd5","150","10","weibull","42",4.299001866187723,1499.6042461060554,3779,0.013130252100840336,338.3655540966386,571.4253,649.2262999999998,990.8935699999994,28049.254302258403,47924.44510000001,71953.81959999977,162998.07217999973,79.36003264140106,101.341,105.578,109.597,6,1,3728,"STABLE",0
"pd-pd5","150","10","weibull","123",4.40681115835695,1494.7587159540335,3734,0.030826468243422802,329.48310975285676,562.0366,620.5654999999997,939.1753800000012,26798.529635131545,47569.88940000001,67434.89099999973,160965.50124000025,77.42775238277748,101.273,105.258,108.503,8,0,3708,"STABLE",0
"pd-pd5","150","10","weibull","777",3.8609476136764043,1352.7198941260738,3699,0.02459235498529805,322.02332718524457,557.94,608.512,864.0165999999988,26065.670601978083,45730.033,62001.849,178096.07759999996,73.79539386015891,99.546,103.702,109.334,5,5,3697,"OVERLOADED",0.36801292966517285
"pd-pd5","150","20","poisson","42",4.328739102029187,1479.7409122210997,3801,0.01643192488262911,342.45105555555557,584.7663000000002,667.9455499999999,978.3534000000001,27986.058626141403,48585.90940000003,68771.93019999994,159617.04115999976,81.04102366663399,104.765,107.839,117.523,6,2,3434,"STABLE",0.0002608242044861431
"pd-pd5","150","20","poisson","123",4.067495015371172,1367.952519226558,3770,0.018952355883127138,348.9191900500132,583.7954,666.6909999999998,1022.3966399999999,27109.181077409165,48594.91970000002,67270.5537499999,161547.25022999934,79.14438019714729,103.04,107.712,117.975,8,3,3354,"OVERLOADED",0.27588223067492174
"pd-pd5","150","20","poisson","777",3.992478907913728,1379.024992803019,3786,0.008926227356261486,338.67123234444733,573.9598000000001,634.376,934.71948,27357.36121991592,46756.614,62829.168,179059.38899999976,78.12654243588564,99.354,105.587,116.599,8,0,3391,"OVERLOADED",0.25645746549480414
"pd-pd5","150","20","weibull","42",4.314686320169153,1500.1541190403113,3829,0.015600624024960999,355.7328744149766,587.5015,674.9775,995.538950000001,29006.511749089965,49180.5225,73489.54825,169490.30670000007,81.62285179579935,100.73,105.688,119.816,8,1,3475,"OVERLOADED",0.28882124928830943
"pd-pd5","150","20","weibull","123",4.6506096010927775,1546.07494184155,3772,0.02214022140221402,335.6624504480759,570.7441000000001,633.9751,944.0888500000002,27152.490805431058,48191.686400000006,64870.37419999987,154509.05475999968,79.86854243396925,105.423,108.873,116.185,9,0,3413,"OVERLOADED",0.22649319015975233
"pd-pd5","150","20","weibull","777",3.9468868773680943,1386.3953419645534,3768,0.011578947368421053,330.7243605263158,560.8070999999999,608.9655999999999,918.0529599999992,27157.71557488813,46333.349200000004,65412.855099999986,178612.24812,76.51899715106407,100.978,106.157,115.35,6,0,3679,"OVERLOADED",0.33128968033664213
"pd-pd5","200","0.5","poisson","42",4.322844662288381,1380.3331842779432,2255,0.8514412416851441,154.1189472283814,356.46780000000024,459.71449999999993,560.22578,12014.486270066518,19711.0782,21516.324099999994,32669.486860000008,37.53419763106861,53.12,54.711,55.91,0,0,2255,"STABLE",0
"pd-pd5","200","0.5","poisson","123",4.891498552153975,1517.3365930974994,2345,0.8093816631130064,181.3284699360341,442.40979999999973,504.2665999999997,573.0340399999999,11927.239829424307,19938.8478,22183.613999999994,34550.155799999964,38.276251160231205,52.861,54.534,56.733,0,0,2345,"STABLE",0
"pd-pd5","200","0.5","poisson","777",4.85428249186954,1491.0084927505573,2330,0.8510729613733906,177.99649527896997,432.11600000000004,504.04545,597.43957,11496.719521459227,19844.8591,21925.56104999998,30377.10782000002,37.25528496629223,52.513,55.027,57.185,0,0,2330,"STABLE",0
"pd-pd5","200","0.5","weibull","42",4.3244872458238826,1396.1860641157884,2345,0.7692963752665245,184.51769765458423,438.39,498.9481999999996,586.0871199999998,12711.980101918976,20783.765399999997,22982.16559999999,36622.37479999996,39.20504114331595,55.021,55.817,58.246,0,0,2345,"STABLE",0
"pd-pd5","200","0.5","weibull","123",4.7306695307716895,1460.957465464729,2240,0.8584821428571429,150.5128232142857,335.97360000000003,454.66110000000003,555.0185500000002,11294.118274553572,19240.1584,21062.157849999985,30085.44800000001,36.47507743077914,52.35,55.465,56.322,0,0,2240,"STABLE",0
"pd-pd5","200","0.5","weibull","777",5.483860155490803,1620.5445023483921,2105,0.8850356294536817,147.2173320665083,291.48840000000007,439.76419999999996,559.84164,10356.327111163895,17734.4396,19599.8706,22701.834560000003,34.94231015070643,51.548,55.186,57.291,0,0,2105,"STABLE",0
"pd-pd5","200","1","poisson","42",4.054361168857272,1339.5685943892497,2645,0.5039697542533081,204.6183402646503,476.60639999999995,521.4481999999999,594.2042399999999,14485.515595085066,23909.358799999998,27739.98099999999,64724.41943999998,43.653915974189346,60.03,62.413,66.541,0,0,2645,"STABLE",0
"pd-pd5","200","1","poisson","123",4.5076026916318,1441.801632133549,2735,0.4936014625228519,227.71252833638025,495.6588,536.7085,594.76312,14468.17586691042,24089.434199999996,28642.4431,56728.33121999976,44.976837166688455,57.868,60.24,66.36,0,0,2735,"OVERLOADED",0.18596330483749587
"pd-pd5","200","1","poisson","777",4.173912262031182,1368.325710226507,2705,0.5789279112754159,222.6551245841035,489.4646,532.8703999999998,608.576,14508.752958595194,24270.666,29607.048199999997,68248.64516000003,44.019500147047175,60.118,64.398,68.589,0,0,2705,"STABLE",0
"pd-pd5","200","1","weibull","42",4.446450437560468,1507.693214815374,2900,0.3620689655172414,249.8193575862069,511.9253,548.3086999999998,619.7024899999999,16851.395086551725,28821.24139999999,35678.5175,86717.65840999965,49.4321296987228,70.24,75.104,79.627,0,0,2900,"STABLE",0
"pd-pd5","200","1","weibull","123",4.701654527602495,1493.577990416033,2630,0.6201520912547529,219.7946650190114,493.02840000000003,542.2109499999998,612.82175,13687.135139543727,22762.2544,26708.05479999999,47908.08993,42.83642409743001,57.001,59.872,64.032,0,0,2630,"OVERLOADED",0.13484271858024421
"pd-pd5","200","1","weibull","777",4.8393626297469465,1460.1933176637879,2180,0.8559633027522936,158.62644816513762,365.67810000000003,463.7398999999999,589.28376,10779.708542660552,18231.6485,20190.3682,24853.82581,35.59752019304542,53.676,55.541,59.039,0,0,2180,"STABLE",0
"pd-pd5","200","5","poisson","42",4.412257983588331,1524.152326683951,3721,0.032223701731025296,333.0232503328895,563.7909999999999,620.0444999999999,1002.6589600000003,25765.44809454061,45859.606,64721.23749999996,158480.82914000016,74.00945521618293,98.887,105.537,109.24,4,5,3725,"STABLE",0
"pd-pd5","200","5","poisson","123",4.126961424738012,1383.9680187125748,3765,0.014775725593667546,335.09173350923487,567.2223,629.8170999999996,939.2634700000013,26306.537675725594,47320.54589999999,66766.83664999995,166278.1845500001,76.27077731685229,99.463,103.464,108.337,10,2,3775,"OVERLOADED",0.4292085028361933
"pd-pd5","200","5","poisson","777",3.8295984996149683,1320.0598462414466,3751,0.021882414974953864,328.3245462694437,562.5458000000001,615.4333999999998,900.5828799999994,25886.14894595307,45198.936000000016,63097.43259999996,177564.04051999963,74.24125972916875,96.244,103.489,109.173,6,1,3757,"OVERLOADED",0.3907698951805504
"pd-pd5","200","5","weibull","42",4.294457572475688,1479.8347379726306,3694,0.0337530136619341,331.6567564961157,562.8675999999999,615.0103999999998,955.7879999999998,26569.221435842483,46796.2868,66845.76499999971,155909.58567999967,75.95033414957754,100.859,105.506,108.827,7,5,3701,"OVERLOADED",0.3116197691427496
"pd-pd5","200","5","weibull","123",4.152124723658695,1424.9758059845562,3829,0.026452282157676348,342.2757276970954,571.8925,633.9544999999999,955.2868499999988,26559.44279719917,47944.1535,69101.7835,172244.9523499997,76.6929928975549,101.428,104.427,108.394,4,0,3830,"STABLE",0
"pd-pd5","200","5","weibull","777",3.856861122172934,1358.5056422883663,3690,0.06276709401709402,332.6576658653846,568.484,621.27565,909.2161700000019,25449.331475160256,45491.456800000014,64620.66844999994,196271.81285000007,71.35973312130317,93.147,100.153,108.366,7,0,3694,"OVERLOADED",0.6278090694711168
"pd-pd5","200","10","poisson","42",4.15339808654476,1439.3050199536615,3702,0.03235294117647059,332.60019411764705,564.9171,611.5584499999999,1002.025960000001,26599.9641986631,47686.5894,67781.28999999995,161008.56339000005,76.06789520293127,101.179,104.146,109.819,5,3,3697,"OVERLOADED",0.37210246893154714
"pd-pd5","200","10","poisson","123",3.88745951755526,1323.1076599505584,3685,0.043548387096774194,337.713540860215,564.5854,622.61295,906.7060399999999,25793.43127150538,45955.70479999999,64690.07569999997,164460.34566999998,74.96910954206867,99.673,104.38,109.956,5,2,3682,"STABLE",0
"pd-pd5","200","10","poisson","777",3.9271513852433872,1369.0306229760013,3797,0.01020408163265306,339.56179434850867,569.6981999999999,624.79225,921.1488199999999,27786.154115938236,47919.652,67210.293,186350.41220000017,77.8640886865445,101.082,104.403,108.614,10,1,3783,"OVERLOADED",0.3797879424134142
"pd-pd5","200","10","weibull","42",4.33740370190496,1482.0801064818136,3716,0.02505998400426553,329.45296934150895,558.625,605.758,880.5165,27432.1237531325,47929.613,65170.0915,153959.42,78.84070076032833,102.669,106.202,109.37868999999995,8,2,3669,"STABLE",0
"pd-pd5","200","10","weibull","123",4.409889522190025,1496.2643433125138,3829,0.01715622563036132,344.12329659474915,577.6848000000001,648.1226999999998,981.3947199999998,27499.680833593342,48398.206000000006,69191.21549999999,168901.04455000063,79.70301362652768,100.535,103.948,108.6,7,0,3804,"STABLE",0.0002599428125812375
"pd-pd5","200","10","weibull","777",3.9844459466628197,1391.7724124014906,3660,0.02830951739013211,324.87006362901053,558.3428000000001,610.5577999999999,920.91692,25490.29508897277,44129.74520000001,62958.86739999998,175665.32460000002,72.23555196453043,95.8,103.535,108.792,6,1,3656,"OVERLOADED",0.3997334711107974
"pd-pd5","200","20","poisson","42",4.251797444256556,1457.3262140479242,3756,0.025032938076416336,349.95917127799737,579.2234000000001,658.0179999999999,1010.89014,27948.224675098812,49397.131199999996,69170.84379999999,165484.94931999999,80.03549736723815,103.681,108.076,120.489,8,10,3457,"STABLE",0
"pd-pd5","200","20","poisson","123",4.0836846804766,1377.3425589530564,3755,0.017451084082496033,350.5944368059228,588.3557,667.7298499999998,928.6244800000001,27047.732170060834,47742.168,67412.171,154777.6852,78.93561701283491,103.132,107.495,118.357,7,0,3397,"STABLE",0.00026441036488633607
"pd-pd5","200","20","poisson","777",3.946253137465116,1364.1011782286496,3842,0.010624514122829748,358.74686965535113,600.0364000000001,695.2349999999998,966.1672000000002,28692.797961618257,48778.8105,68787.73025000001,194624.27194999997,80.89966234815613,100.342,104.698,119.159,12,0,3517,"OVERLOADED",0.3540334635227386
"pd-pd5","200","20","weibull","42",4.316806153188773,1497.8470020914283,3770,0.016574585635359115,360.469681925809,578.815,674.937,981.45,28164.407938421053,49758.51009999999,69728.14689999999,164334.64220999996,80.51005229057321,104.272,108.413,122.518,5,0,3498,"STABLE",0.00026308866087876304
"pd-pd5","200","20","weibull","123",4.035581219120894,1384.849502094857,3822,0.011985409067222511,349.2459512767066,575.8548000000001,655.0969499999987,999.1112500000002,28092.511410630534,48611.60150000001,70151.98744999981,169908.0923800001,80.24111460502318,103.692,108.405,116.504,7,1,3510,"STABLE",0
"pd-pd5","200","20","weibull","777",3.8872728869002477,1353.6223761471003,3858,0.011874032008260196,347.3680859576665,579.1765,649.242,982.7253299999999,28274.96293231723,48460.027,70737.9005,189342.88150000083,79.56344529554612,101.565,105.77,116.65,10,2,3773,"OVERLOADED",0.37984455021657937
